nome,nome_social,cpf,data_nascimento,naturalidade,sexo,nacionalidade,data_validade
Luara da Mata,Luara da Mata,084.579.361-66,25/12/1992,Pedra Grande,F,Brasileiro(a),03/05/2030
Aurora Camara,Aurora Camara,869.025.134-06,02/07/1957,Sao Paulo,M,Brasileiro(a),25/09/2032
Sr. Yuri Jesus,Sr. Yuri Jesus,204.397.516-16,30/06/1984,Sao Paulo,M,Brasileiro(a),05/11/2031
Anna Liz Marques,Anna Liz Marques,903.125.478-97,23/08/2007,Almenara,M,Brasileiro(a),08/01/2031
Lorena Machado,Lorena Machado,482.659.703-74,10/05/1999,Rugim,F,Brasileiro(a),22/06/2035
Jade Cassiano,Jade Cassiano,957.628.134-28,26/03/2006,Almenara,F,Brasileiro(a),17/11/2031
Natalia Costa,Natalia Costa,410.386.975-57,27/02/1971,Porto Seguro,M,Brasileiro(a),25/10/2030
Mariane Moura,Mariane Moura,108.276.945-20,17/02/1975,Almenara,M,Brasileiro(a),06/04/2029
Brayan Peixoto,Brayan Peixoto,320.768.954-00,05/02/1947,Sao Paulo,M,Brasileiro(a),10/05/2032
Renan Sampaio,Renan Sampaio,021.986.754-20,11/01/2006,Porto Seguro,F,Brasileiro(a),18/09/2029
Theodoro Cirino,Theodoro Cirino,849.321.705-05,23/01/1961,Porto Seguro,F,Brasileiro(a),22/03/2033
Maria Flor Fonseca,Maria Flor Fonseca,628.140.359-24,24/10/1969,Pedra Grande,F,Brasileiro(a),24/05/2031
Luna das Neves,Luna das Neves,786.041.529-11,22/01/1980,Arinos,F,Brasileiro(a),27/08/2034
Arthur Pacheco,Arthur Pacheco,967.043.158-10,04/10/1974,Porto Seguro,M,Brasileiro(a),11/09/2030
Ana Fogaca,Ana Fogaca,564.719.328-55,30/03/1983,Pedra Grande,F,Brasileiro(a),11/10/2031
Davi Miguel Pires,Davi Miguel Pires,587.496.231-09,31/08/1959,Sao Paulo,M,Brasileiro(a),22/06/2033
Maria Julia Almeida,Maria Julia Almeida,853.176.209-02,23/06/1987,Sao Paulo,F,Brasileiro(a),29/10/2035
Sr. Pedro Miguel Casa Grande,Sr. Pedro Miguel Casa Grande,931.528.706-12,14/03/1963,Belo Horizonte,F,Brasileiro(a),19/02/2030
Jade Pereira,Jade Pereira,916.250.387-12,11/03/1986,Porto Seguro,F,Brasileiro(a),25/04/2035
Yasmin Dias,Yasmin Dias,786.209.451-49,10/08/1979,Sao Paulo,M,Brasileiro(a),18/11/2031
Igor Cavalcanti,Igor Cavalcanti,541.896.037-75,01/07/2005,Arinos,F,Brasileiro(a),30/11/2032
Vinicius Vieira,Vinicius Vieira,308.745.926-74,21/03/1974,Rugim,F,Brasileiro(a),11/02/2027
Maria Helena da Paz,Maria Helena da Paz,285.091.743-50,01/09/1985,Almenara,M,Brasileiro(a),13/02/2030
Benicio Freitas,Benicio Freitas,863.945.107-93,09/10/2006,Almenara,F,Brasileiro(a),06/10/2028
Caleb Cassiano,Caleb Cassiano,638.572.104-35,09/02/1966,Rugim,M,Brasileiro(a),18/12/2033
Pedro Lucas Almeida,Pedro Lucas Almeida,320.418.756-07,17/04/1948,Belo Horizonte,F,Brasileiro(a),03/07/2030
Nicole Borges,Nicole Borges,509.473.268-47,31/03/1975,Arinos,M,Brasileiro(a),10/03/2033
Dr. Alexandre Vieira,Dr. Alexandre Vieira,608.147.352-07,08/11/1996,Porto Seguro,M,Brasileiro(a),25/10/2027
Raquel Aragao,Raquel Aragao,672.510.349-99,17/01/1945,Sao Paulo,M,Brasileiro(a),11/05/2033
Amanda Mendes,Amanda Mendes,615.294.807-01,26/01/1953,Belo Horizonte,F,Brasileiro(a),26/03/2032
Sr. Joao Lucas da Rocha,Sr. Joao Lucas da Rocha,186.304.927-40,30/11/1971,Pedra Grande,F,Brasileiro(a),29/10/2030
Stephany Ribeiro,Stephany Ribeiro,028.967.453-00,18/11/1954,Rugim,F,Brasileiro(a),29/01/2035
Alicia Campos,Alicia Campos,532.170.684-08,15/04/1977,Arinos,M,Brasileiro(a),28/08/2035
Dra. Ana Luiza Lima,Dra. Ana Luiza Lima,246.710.835-07,20/04/2003,Porto Seguro,M,Brasileiro(a),10/06/2034
Isabelly Fogaca,Isabelly Fogaca,218.637.495-19,07/04/2000,Rugim,F,Brasileiro(a),10/06/2034
Benicio Azevedo,Benicio Azevedo,346.170.925-52,04/08/1959,Arinos,M,Brasileiro(a),02/03/2035
Ravy Jesus,Ravy Jesus,325.417.968-46,28/06/1971,Pedra Grande,M,Brasileiro(a),27/03/2032
Ravi Lucca Ribeiro,Ravi Lucca Ribeiro,749.350.681-75,23/09/1959,Arinos,F,Brasileiro(a),09/12/2026
Luiza Rocha,Luiza Rocha,875.421.069-02,05/01/1979,Almenara,M,Brasileiro(a),05/06/2031
Vinicius Araujo,Vinicius Araujo,415.730.628-71,01/04/1968,Almenara,F,Brasileiro(a),02/08/2032
Maria Flor Pereira,Maria Flor Pereira,690.532.481-70,11/02/1992,Almenara,F,Brasileiro(a),04/10/2028
Srta. Allana da Rosa,Srta. Allana da Rosa,360.485.129-70,28/08/1987,Porto Seguro,M,Brasileiro(a),01/12/2028
Arthur Gabriel Rios,Arthur Gabriel Rios,748.523.609-10,15/07/1996,Sao Paulo,M,Brasileiro(a),14/10/2033
Natalia Nunes,Natalia Nunes,765.941.380-57,06/06/1952,Pedra Grande,F,Brasileiro(a),01/11/2033
Arthur Gabriel Cavalcante,Arthur Gabriel Cavalcante,042.765.189-11,24/02/1959,Belo Horizonte,F,Brasileiro(a),05/02/2027
Dr. Joao Lucas Brito,Dr. Joao Lucas Brito,254.901.673-43,29/10/1951,Belo Horizonte,M,Brasileiro(a),22/08/2032
Lavinia Dias,Lavinia Dias,531.209.687-30,05/04/1980,Almenara,F,Brasileiro(a),30/08/2031
Sr. Isaac da Rocha,Sr. Isaac da Rocha,602.583.749-00,03/06/1990,Arinos,F,Brasileiro(a),17/03/2029
Joao Pedro Silveira,Joao Pedro Silveira,431.698.025-42,19/10/1949,Arinos,M,Brasileiro(a),23/06/2029
Joao Felipe Correia,Joao Felipe Correia,238.650.971-03,10/09/1963,Porto Seguro,M,Brasileiro(a),24/11/2027
Miguel Cassiano,Miguel Cassiano,238.015.697-21,14/06/1997,Porto Seguro,M,Brasileiro(a),12/04/2031
Thales Costela,Thales Costela,375.846.201-08,25/06/1949,Sao Paulo,F,Brasileiro(a),16/12/2034
Pedro Miguel Silva,Pedro Miguel Silva,297.830.415-41,16/04/1972,Sao Paulo,M,Brasileiro(a),31/05/2032
Ana Vitoria da Luz,Ana Vitoria da Luz,176.482.309-50,30/04/1997,Porto Seguro,M,Brasileiro(a),04/09/2035
Davi Luiz Pacheco,Davi Luiz Pacheco,721.654.089-11,11/03/1994,Porto Seguro,M,Brasileiro(a),16/08/2034
Joao Guilherme Rios,Joao Guilherme Rios,953.812.640-89,12/04/1946,Belo Horizonte,F,Brasileiro(a),01/02/2028
Bruna Vargas,Bruna Vargas,683.495.217-91,24/06/1951,Porto Seguro,F,Brasileiro(a),30/07/2033
Pedro Miguel Martins,Pedro Miguel Martins,475.369.128-46,12/07/1965,Porto Seguro,M,Brasileiro(a),06/11/2032
Vitor Gabriel Duarte,Vitor Gabriel Duarte,961.482.570-76,20/12/1973,Rugim,F,Brasileiro(a),11/08/2032
Guilherme Lima,Guilherme Lima,501.869.327-40,29/05/1994,Sao Paulo,M,Brasileiro(a),21/06/2031
Maria Luisa da Costa,Maria Luisa da Costa,285.309.146-51,10/08/1972,Rugim,M,Brasileiro(a),26/06/2029
Sra. Natalia Nascimento,Sra. Natalia Nascimento,497.386.501-00,06/11/1968,Arinos,M,Brasileiro(a),18/10/2027
Caua Novais,Caua Novais,728.401.356-71,21/11/1989,Belo Horizonte,F,Brasileiro(a),16/07/2035
Ana Clara Camara,Ana Clara Camara,260.371.954-80,19/11/2003,Porto Seguro,F,Brasileiro(a),06/11/2027
Erick Cavalcante,Erick Cavalcante,326.901.784-78,16/01/1956,Rugim,F,Brasileiro(a),05/09/2031
Esther Fogaca,Esther Fogaca,970.185.632-59,20/03/1957,Sao Paulo,M,Brasileiro(a),05/07/2034
Srta. Lara Peixoto,Srta. Lara Peixoto,650.387.219-40,23/06/1978,Rugim,M,Brasileiro(a),10/04/2035
Sr. Caio Albuquerque,Sr. Caio Albuquerque,691.538.470-75,29/06/1985,Almenara,M,Brasileiro(a),07/08/2029
Maria Julia Aparecida,Maria Julia Aparecida,357.124.068-53,02/08/2007,Sao Paulo,F,Brasileiro(a),26/11/2033
Luiz Otavio Montenegro,Luiz Otavio Montenegro,652.073.841-71,01/05/1976,Arinos,F,Brasileiro(a),14/01/2031
Alice Montenegro,Alice Montenegro,854.197.206-20,22/07/1958,Arinos,M,Brasileiro(a),01/03/2030
Murilo Souza,Murilo Souza,645.812.039-70,21/07/1958,Porto Seguro,M,Brasileiro(a),30/03/2027
Gustavo Henrique Brito,Gustavo Henrique Brito,213.895.067-03,05/01/1959,Rugim,M,Brasileiro(a),23/12/2031
Erick Novaes,Erick Novaes,285.604.719-01,24/09/1945,Rugim,F,Brasileiro(a),21/09/2030
Joao Guilherme Pinto,Joao Guilherme Pinto,462.501.978-85,05/01/1972,Belo Horizonte,M,Brasileiro(a),28/03/2027
Joaquim Melo,Joaquim Melo,830.526.179-40,15/07/1952,Porto Seguro,M,Brasileiro(a),17/07/2027
Emanuelly Leao,Emanuelly Leao,507.364.812-90,06/05/1951,Rugim,M,Brasileiro(a),10/05/2034
Leticia Campos,Leticia Campos,429.175.836-73,29/07/1981,Rugim,F,Brasileiro(a),24/06/2035
Jose Pedro Silveira,Jose Pedro Silveira,670.913.254-43,19/04/1965,Belo Horizonte,F,Brasileiro(a),03/07/2031
Isaac Carvalho,Isaac Carvalho,096.578.421-58,05/09/1981,Porto Seguro,F,Brasileiro(a),06/05/2027
Jose Rios,Jose Rios,892.354.716-64,20/02/1960,Rugim,F,Brasileiro(a),29/11/2028
Manuella Albuquerque,Manuella Albuquerque,512.730.694-80,09/06/1998,Porto Seguro,F,Brasileiro(a),15/05/2031
Dr. Mathias Costa,Dr. Mathias Costa,349.517.608-00,31/07/2005,Belo Horizonte,M,Brasileiro(a),22/02/2031
Dante Campos,Dante Campos,810.625.394-51,02/08/1981,Porto Seguro,M,Brasileiro(a),15/02/2030
Lara Barros,Lara Barros,269.587.014-02,20/08/1953,Belo Horizonte,M,Brasileiro(a),25/11/2034
Enrico Cavalcante,Enrico Cavalcante,469.012.853-70,25/05/2000,Rugim,M,Brasileiro(a),22/03/2030
Dra. Zoe Macedo,Dra. Zoe Macedo,190.756.348-20,20/04/1976,Arinos,M,Brasileiro(a),20/10/2027
Isabel Pacheco,Isabel Pacheco,054.126.937-25,13/11/1988,Sao Paulo,F,Brasileiro(a),25/11/2027
Helena Abreu,Helena Abreu,960.812.374-78,14/11/1957,Belo Horizonte,M,Brasileiro(a),19/04/2027
Levi Macedo,Levi Macedo,135.408.692-98,04/08/2004,Pedra Grande,M,Brasileiro(a),02/09/2035
Leo Aragao,Leo Aragao,320.571.984-05,26/07/1978,Rugim,F,Brasileiro(a),09/08/2030
Isaque Cardoso,Isaque Cardoso,145.698.270-20,03/11/1965,Pedra Grande,M,Brasileiro(a),04/02/2032
Isis Pacheco,Isis Pacheco,923.514.068-42,06/02/2000,Pedra Grande,F,Brasileiro(a),21/05/2034
Fernanda Pastor,Fernanda Pastor,147.395.682-09,06/12/1989,Rugim,M,Brasileiro(a),25/11/2027
Antony Souza,Antony Souza,219.643.850-24,16/04/1970,Pedra Grande,F,Brasileiro(a),08/06/2030
Joao Vitor Ferreira,Joao Vitor Ferreira,645.128.097-67,16/05/1947,Sao Paulo,F,Brasileiro(a),26/05/2027
Ana Sophia das Neves,Ana Sophia das Neves,793.810.642-96,01/01/1961,Sao Paulo,M,Brasileiro(a),03/09/2031
Dr. Matteo Castro,Dr. Matteo Castro,156.279.083-86,10/11/1979,Porto Seguro,F,Brasileiro(a),25/05/2028
Caua Marques,Caua Marques,237.869.504-74,04/08/1986,Almenara,M,Brasileiro(a),03/02/2032
Pedro Miguel Costa,Pedro Miguel Costa,247.138.650-44,09/09/2002,Porto Seguro,F,Brasileiro(a),26/04/2029
Mariah Machado,Mariah Machado,394.750.162-52,21/08/1982,Porto Seguro,M,Brasileiro(a),08/11/2034
Bella Barbosa,Bella Barbosa,840.659.732-10,16/10/2005,Pedra Grande,F,Brasileiro(a),28/05/2028
Dra. Maria Clara Sales,Dra. Maria Clara Sales,725.638.104-26,24/11/1958,Sao Paulo,F,Brasileiro(a),15/10/2035
Elisa Freitas,Elisa Freitas,073.642.198-03,09/08/2006,Sao Paulo,M,Brasileiro(a),22/08/2033
Pedro Miguel Jesus,Pedro Miguel Jesus,379.548.012-41,13/07/1947,Rugim,F,Brasileiro(a),06/08/2033
Hadassa Rodrigues,Hadassa Rodrigues,340.679.251-07,11/06/1947,Pedra Grande,M,Brasileiro(a),03/02/2032
Luara Aparecida,Luara Aparecida,497.086.251-67,29/11/1968,Porto Seguro,M,Brasileiro(a),10/12/2026
Isabelly da Conceicao,Isabelly da Conceicao,938.607.425-74,18/06/1972,Pedra Grande,M,Brasileiro(a),05/09/2030
Maria Sophia das Neves,Maria Sophia das Neves,908.143.765-84,11/07/2003,Pedra Grande,F,Brasileiro(a),02/01/2032
Marcelo Brito,Marcelo Brito,517.368.042-35,15/02/1953,Belo Horizonte,F,Brasileiro(a),05/07/2031
Olivia Sa,Olivia Sa,635.208.479-65,26/09/1991,Almenara,M,Brasileiro(a),03/01/2031
Alana Mendonca,Alana Mendonca,680.521.973-68,25/09/1954,Arinos,F,Brasileiro(a),28/08/2032
Maria Julia Camara,Maria Julia Camara,475.136.298-46,26/11/1996,Sao Paulo,M,Brasileiro(a),12/02/2027
Milena Porto,Milena Porto,297.164.508-85,30/09/1959,Sao Paulo,M,Brasileiro(a),15/12/2028
Vinicius Moraes,Vinicius Moraes,326.054.971-43,19/07/1999,Almenara,M,Brasileiro(a),07/10/2032
Ana Luiza Monteiro,Ana Luiza Monteiro,826.539.410-15,01/12/1982,Belo Horizonte,M,Brasileiro(a),15/10/2027
Sara da Cunha,Sara da Cunha,359.201.648-24,07/06/1978,Pedra Grande,F,Brasileiro(a),08/09/2029
Sr. Yago Marques,Sr. Yago Marques,728.415.069-67,25/02/1969,Sao Paulo,F,Brasileiro(a),15/01/2035
Luiz Henrique Brito,Luiz Henrique Brito,780.192.534-32,23/04/1972,Belo Horizonte,F,Brasileiro(a),11/11/2035
Manuela Carvalho,Manuela Carvalho,709.645.832-83,16/02/1991,Sao Paulo,M,Brasileiro(a),01/06/2032
Liz Araujo,Liz Araujo,367.489.512-91,06/04/1966,Rugim,M,Brasileiro(a),25/10/2031
Theo da Cunha,Theo da Cunha,578.362.910-30,08/12/1975,Sao Paulo,M,Brasileiro(a),12/04/2031
Pedro Lucas Martins,Pedro Lucas Martins,302.458.679-29,03/02/2006,Pedra Grande,F,Brasileiro(a),29/11/2032
Barbara Castro,Barbara Castro,041.786.923-13,17/03/2002,Rugim,M,Brasileiro(a),12/07/2034
Caleb Guerra,Caleb Guerra,914.758.632-09,17/07/1969,Arinos,M,Brasileiro(a),05/03/2030
Aurora Fogaca,Aurora Fogaca,186.074.259-94,23/09/1977,Porto Seguro,M,Brasileiro(a),05/07/2032
Isabel da Conceicao,Isabel da Conceicao,859.674.230-10,30/06/1999,Pedra Grande,M,Brasileiro(a),05/07/2032
Anthony Gabriel Mendonca,Anthony Gabriel Mendonca,283.165.970-12,20/09/1993,Almenara,M,Brasileiro(a),21/10/2031
Vicente da Mata,Vicente da Mata,037.945.821-79,18/12/1960,Porto Seguro,M,Brasileiro(a),02/12/2032
Maria Eduarda Barros,Maria Eduarda Barros,230.846.175-62,17/04/1985,Almenara,F,Brasileiro(a),01/11/2028
Gabriel Santos,Gabriel Santos,246.538.791-09,17/04/1967,Arinos,M,Brasileiro(a),26/09/2033
Matheus Correia,Matheus Correia,720.653.948-38,07/01/1997,Arinos,M,Brasileiro(a),21/11/2027
Dr. Mathias Ramos,Dr. Mathias Ramos,042.673.519-61,04/02/1981,Sao Paulo,M,Brasileiro(a),11/07/2027
Sra. Emanuella Siqueira,Sra. Emanuella Siqueira,859.461.037-84,09/02/1967,Belo Horizonte,F,Brasileiro(a),18/09/2030
Asafe Siqueira,Asafe Siqueira,647.135.928-46,12/03/1945,Rugim,F,Brasileiro(a),07/10/2029
Luisa Camargo,Luisa Camargo,941.850.723-41,18/01/2007,Arinos,F,Brasileiro(a),03/09/2035
Ana Beatriz Gomes,Ana Beatriz Gomes,058.374.216-53,17/05/1950,Almenara,F,Brasileiro(a),27/01/2034
Aylla Pimenta,Aylla Pimenta,716.498.052-76,14/02/2001,Rugim,M,Brasileiro(a),06/03/2031
Isabela Pimenta,Isabela Pimenta,459.380.726-38,04/09/1954,Sao Paulo,F,Brasileiro(a),12/06/2031
Theodoro das Neves,Theodoro das Neves,203.961.745-07,10/11/1968,Sao Paulo,M,Brasileiro(a),08/05/2032
Dr. Rafael Martins,Dr. Rafael Martins,532.679.108-03,01/05/1979,Pedra Grande,M,Brasileiro(a),15/12/2030
Maria Laura Fonseca,Maria Laura Fonseca,629.135.478-00,27/03/1999,Rugim,F,Brasileiro(a),06/04/2028
Sra. Lara Peixoto,Sra. Lara Peixoto,590.374.826-00,01/09/2006,Belo Horizonte,F,Brasileiro(a),19/09/2028
Mariah da Luz,Mariah da Luz,172.649.580-94,09/07/1957,Sao Paulo,F,Brasileiro(a),10/09/2035
Srta. Livia Leao,Srta. Livia Leao,786.340.592-00,09/02/1968,Pedra Grande,M,Brasileiro(a),17/03/2029
Oliver Cavalcante,Oliver Cavalcante,926.807.531-86,16/11/1976,Belo Horizonte,F,Brasileiro(a),04/06/2032
Joao Pedro Ramos,Joao Pedro Ramos,076.541.283-71,19/01/1965,Arinos,F,Brasileiro(a),21/08/2031
Lara Vargas,Lara Vargas,549.706.812-01,13/01/1971,Porto Seguro,M,Brasileiro(a),08/10/2034
Ana Livia Vasconcelos,Ana Livia Vasconcelos,746.205.831-62,27/09/1953,Sao Paulo,M,Brasileiro(a),06/02/2035
Pedro Henrique Fernandes,Pedro Henrique Fernandes,472.681.953-46,07/09/1978,Almenara,M,Brasileiro(a),25/09/2032
Gustavo Henrique Moura,Gustavo Henrique Moura,495.027.316-70,03/12/1985,Sao Paulo,F,Brasileiro(a),04/04/2028
Lunna Jesus,Lunna Jesus,615.023.847-44,02/05/1975,Almenara,M,Brasileiro(a),26/07/2035
Lorena das Neves,Lorena das Neves,597.146.238-55,14/09/1945,Sao Paulo,F,Brasileiro(a),25/12/2033
Asafe Pastor,Asafe Pastor,127.480.539-23,19/12/1947,Arinos,M,Brasileiro(a),26/08/2030
Liam Nascimento,Liam Nascimento,174.593.628-91,20/12/1997,Almenara,M,Brasileiro(a),02/06/2029
Felipe Leao,Felipe Leao,136.745.809-93,17/12/1994,Pedra Grande,M,Brasileiro(a),19/06/2027
Isabela Montenegro,Isabela Montenegro,845.967.321-91,18/11/1963,Almenara,M,Brasileiro(a),06/01/2035
Dr. Caua Cirino,Dr. Caua Cirino,693.145.702-07,22/05/1954,Arinos,M,Brasileiro(a),22/11/2033
Marcelo da Cunha,Marcelo da Cunha,279.801.645-20,17/11/1988,Pedra Grande,F,Brasileiro(a),23/03/2031
Augusto Costela,Augusto Costela,147.360.285-80,09/09/1984,Sao Paulo,M,Brasileiro(a),28/03/2030
Maria Alice Pacheco,Maria Alice Pacheco,703.821.594-97,08/05/1958,Almenara,F,Brasileiro(a),23/03/2032
Pietro Moura,Pietro Moura,470.285.369-47,02/05/1968,Porto Seguro,M,Brasileiro(a),13/01/2034
Enzo Gabriel Martins,Enzo Gabriel Martins,341.097.582-97,26/05/1982,Belo Horizonte,F,Brasileiro(a),25/02/2033
Samuel Farias,Samuel Farias,398.165.207-02,02/10/1968,Porto Seguro,M,Brasileiro(a),09/12/2031
Sr. Lorenzo Vieira,Sr. Lorenzo Vieira,301.542.967-16,09/10/1963,Rugim,M,Brasileiro(a),12/05/2033
Matteo Ramos,Matteo Ramos,197.584.263-46,22/05/1987,Almenara,F,Brasileiro(a),12/01/2027
Eduardo Rocha,Eduardo Rocha,063.187.945-57,19/04/1991,Belo Horizonte,F,Brasileiro(a),09/07/2034
Asafe Rezende,Asafe Rezende,940.215.673-99,07/10/1977,Porto Seguro,F,Brasileiro(a),27/05/2034
Allana Caldeira,Allana Caldeira,732.914.085-60,23/07/1998,Sao Paulo,F,Brasileiro(a),03/06/2031
Dra. Mariana Aragao,Dra. Mariana Aragao,248.065.317-07,01/03/1971,Rugim,F,Brasileiro(a),04/10/2030
Julia Monteiro,Julia Monteiro,367.250.198-03,26/09/1979,Sao Paulo,F,Brasileiro(a),30/06/2031
Eloa Ferreira,Eloa Ferreira,092.674.351-16,20/01/2007,Pedra Grande,M,Brasileiro(a),06/02/2034
Noah da Luz,Noah da Luz,923.160.458-98,10/03/1979,Almenara,M,Brasileiro(a),28/05/2031
Alice Moreira,Alice Moreira,652.871.490-85,28/08/1972,Almenara,F,Brasileiro(a),15/03/2033
Joao Miguel Gomes,Joao Miguel Gomes,206.714.589-49,05/01/1947,Porto Seguro,M,Brasileiro(a),27/01/2029
Emanuel Silveira,Emanuel Silveira,610.895.437-00,26/11/1970,Arinos,M,Brasileiro(a),20/08/2031
Caleb Leao,Caleb Leao,850.764.932-74,08/12/1948,Porto Seguro,M,Brasileiro(a),14/07/2035
Yuri Farias,Yuri Farias,241.586.937-64,22/06/1976,Belo Horizonte,F,Brasileiro(a),04/12/2027
Mathias Garcia,Mathias Garcia,465.190.732-61,25/11/1949,Arinos,F,Brasileiro(a),16/11/2032
Sr. Marcos Vinicius Sales,Sr. Marcos Vinicius Sales,961.048.275-94,18/03/1966,Rugim,F,Brasileiro(a),27/03/2031
Sarah Melo,Sarah Melo,582.463.970-10,04/10/1996,Arinos,M,Brasileiro(a),08/12/2033
Sra. Evelyn Araujo,Sra. Evelyn Araujo,819.762.405-49,06/07/1954,Rugim,M,Brasileiro(a),30/12/2032
Stephany Pires,Stephany Pires,312.649.705-52,24/10/1976,Arinos,F,Brasileiro(a),25/06/2033
Laura Alves,Laura Alves,093.845.617-20,18/04/1976,Arinos,M,Brasileiro(a),25/08/2034
Giovanna Fonseca,Giovanna Fonseca,087.625.391-59,01/05/1945,Porto Seguro,M,Brasileiro(a),01/03/2034
Gustavo Marques,Gustavo Marques,320.496.785-92,01/10/1948,Sao Paulo,M,Brasileiro(a),12/06/2027
Lucas Gabriel Jesus,Lucas Gabriel Jesus,731.520.986-77,17/05/1951,Almenara,M,Brasileiro(a),03/02/2033
Thiago Azevedo,Thiago Azevedo,356.720.198-03,27/04/1998,Rugim,F,Brasileiro(a),04/12/2032
Dra. Maria Vitoria Rios,Dra. Maria Vitoria Rios,197.620.384-87,08/10/1975,Pedra Grande,F,Brasileiro(a),09/03/2030
Sra. Ana Julia Dias,Sra. Ana Julia Dias,609.875.213-30,22/05/1970,Arinos,F,Brasileiro(a),13/05/2032
Stella Sousa,Stella Sousa,567.309.248-29,02/02/1984,Rugim,F,Brasileiro(a),16/01/2027
Dr. Enzo Pimenta,Dr. Enzo Pimenta,532.870.469-00,13/05/1974,Rugim,M,Brasileiro(a),15/07/2030
Vinicius Fonseca,Vinicius Fonseca,038.971.645-66,15/08/1971,Almenara,F,Brasileiro(a),11/09/2034
Sra. Maria Fernanda Viana,Sra. Maria Fernanda Viana,479.862.510-85,04/12/1952,Belo Horizonte,M,Brasileiro(a),03/02/2030
Maria Fernanda Costela,Maria Fernanda Costela,682.045.713-80,12/02/1982,Arinos,M,Brasileiro(a),07/09/2028
Cecilia Goncalves,Cecilia Goncalves,945.867.102-76,19/08/1974,Rugim,F,Brasileiro(a),19/09/2033
Luiz Fernando Siqueira,Luiz Fernando Siqueira,582.073.496-38,05/03/1953,Almenara,M,Brasileiro(a),30/06/2031
Rhavi Pastor,Rhavi Pastor,751.893.460-48,08/04/1979,Rugim,M,Brasileiro(a),21/04/2027
Maria Fernanda Azevedo,Maria Fernanda Azevedo,465.798.302-47,08/09/1980,Belo Horizonte,M,Brasileiro(a),19/07/2035
Mariana Gomes,Mariana Gomes,096.571.832-86,15/02/1979,Porto Seguro,M,Brasileiro(a),16/04/2028
Luiz Otavio Cavalcante,Luiz Otavio Cavalcante,346.085.172-44,09/02/1992,Almenara,F,Brasileiro(a),23/09/2035
Maria Helena Nogueira,Maria Helena Nogueira,902.153.847-41,28/09/1957,Porto Seguro,F,Brasileiro(a),25/07/2035
Brenda Casa Grande,Brenda Casa Grande,240.789.516-94,10/09/1991,Belo Horizonte,F,Brasileiro(a),01/05/2035
Helena Duarte,Helena Duarte,237.648.109-04,14/02/1969,Porto Seguro,M,Brasileiro(a),18/08/2030
Rodrigo Costela,Rodrigo Costela,803.695.247-56,23/08/1969,Arinos,F,Brasileiro(a),18/09/2032
Dra. Fernanda Cunha,Dra. Fernanda Cunha,632.917.045-25,11/06/1965,Almenara,F,Brasileiro(a),02/01/2029
Henry Gabriel Marques,Henry Gabriel Marques,297.580.461-01,16/07/1970,Pedra Grande,F,Brasileiro(a),05/12/2031
Felipe da Costa,Felipe da Costa,852.964.073-00,08/06/1993,Sao Paulo,M,Brasileiro(a),22/11/2028
Davi Luiz Leao,Davi Luiz Leao,084.723.519-04,15/07/1987,Porto Seguro,F,Brasileiro(a),03/02/2027
Sr. Juan Sales,Sr. Juan Sales,482.310.576-17,17/07/1994,Almenara,F,Brasileiro(a),09/09/2027
Aylla Oliveira,Aylla Oliveira,260.385.941-24,20/01/1986,Belo Horizonte,F,Brasileiro(a),11/12/2034
Srta. Ana Carolina Vasconcelos,Srta. Ana Carolina Vasconcelos,429.150.378-41,05/01/1964,Sao Paulo,M,Brasileiro(a),09/04/2035
Ravi Correia,Ravi Correia,259.403.687-00,14/01/1994,Sao Paulo,F,Brasileiro(a),22/07/2035
Srta. Nina Montenegro,Srta. Nina Montenegro,216.358.794-00,15/01/1971,Almenara,M,Brasileiro(a),11/07/2035
Isis da Conceicao,Isis da Conceicao,068.714.352-71,06/04/1968,Pedra Grande,F,Brasileiro(a),09/11/2029
Murilo Pacheco,Murilo Pacheco,652.794.138-28,19/02/1987,Belo Horizonte,M,Brasileiro(a),25/04/2028
Gael Henrique Dias,Gael Henrique Dias,126.583.790-21,20/05/1955,Arinos,M,Brasileiro(a),03/11/2033
Maite da Paz,Maite da Paz,098.756.423-47,18/09/1963,Arinos,F,Brasileiro(a),01/11/2034
Eloa Pimenta,Eloa Pimenta,428.096.751-20,07/09/1952,Sao Paulo,F,Brasileiro(a),26/09/2034
Carolina Melo,Carolina Melo,865.721.403-26,11/07/1997,Sao Paulo,F,Brasileiro(a),02/07/2029
Alice Freitas,Alice Freitas,306.251.784-08,27/06/1962,Sao Paulo,M,Brasileiro(a),21/12/2027
Gael Henrique Camara,Gael Henrique Camara,034.561.789-48,27/04/1965,Arinos,M,Brasileiro(a),24/07/2032
Ana Carolina Nunes,Ana Carolina Nunes,543.609.821-51,10/02/1997,Belo Horizonte,F,Brasileiro(a),10/11/2030
Olivia Porto,Olivia Porto,691.524.803-05,27/12/1984,Almenara,F,Brasileiro(a),15/01/2029
Theo Garcia,Theo Garcia,624.307.591-52,13/01/1953,Arinos,F,Brasileiro(a),02/02/2035
Kaique Almeida,Kaique Almeida,431.927.658-28,31/07/1981,Sao Paulo,F,Brasileiro(a),15/12/2027
Joao Guilherme Andrade,Joao Guilherme Andrade,154.608.927-67,07/09/1991,Rugim,M,Brasileiro(a),17/09/2031
Vitor Hugo Siqueira,Vitor Hugo Siqueira,031.296.457-99,22/01/1991,Arinos,M,Brasileiro(a),09/06/2030
Maria Liz Dias,Maria Liz Dias,348.695.107-66,02/11/2005,Pedra Grande,M,Brasileiro(a),25/11/2029
Bianca da Paz,Bianca da Paz,739.615.820-68,28/01/1998,Almenara,F,Brasileiro(a),14/09/2031
Danilo da Conceicao,Danilo da Conceicao,928.167.540-49,14/11/1987,Belo Horizonte,M,Brasileiro(a),09/01/2032
Cecilia Nogueira,Cecilia Nogueira,968.310.527-03,18/09/1956,Pedra Grande,F,Brasileiro(a),03/04/2034
Asafe Borges,Asafe Borges,048.397.512-50,10/08/1980,Sao Paulo,M,Brasileiro(a),12/06/2028
Valentim Guerra,Valentim Guerra,539.804.716-75,26/08/1956,Almenara,M,Brasileiro(a),16/10/2028
Carlos Eduardo Fernandes,Carlos Eduardo Fernandes,452.610.873-17,26/11/1976,Rugim,M,Brasileiro(a),16/01/2034
Paulo Montenegro,Paulo Montenegro,147.689.523-64,15/07/1953,Arinos,F,Brasileiro(a),20/06/2035
Emanuel Santos,Emanuel Santos,430.897.625-10,29/06/1990,Almenara,F,Brasileiro(a),03/09/2034
Davi Miguel da Mota,Davi Miguel da Mota,410.936.278-40,15/05/1949,Rugim,F,Brasileiro(a),22/04/2031
Raul Guerra,Raul Guerra,648.052.179-01,06/05/1975,Arinos,F,Brasileiro(a),14/05/2033
Sr. Francisco da Cunha,Sr. Francisco da Cunha,427.095.136-25,24/08/1974,Almenara,M,Brasileiro(a),22/12/2030
Aylla Vargas,Aylla Vargas,596.428.317-91,25/09/1968,Sao Paulo,M,Brasileiro(a),29/08/2031
Maria Laura Ferreira,Maria Laura Ferreira,586.142.039-42,14/03/2003,Porto Seguro,F,Brasileiro(a),12/03/2030
Arthur Miguel Souza,Arthur Miguel Souza,954.071.328-50,29/12/2000,Sao Paulo,M,Brasileiro(a),05/08/2029
Ian Dias,Ian Dias,681.523.079-12,31/05/1993,Pedra Grande,F,Brasileiro(a),28/07/2029
Mariane Novais,Mariane Novais,812.360.954-05,28/10/2004,Sao Paulo,M,Brasileiro(a),16/09/2032
Helena Almeida,Helena Almeida,172.043.586-35,31/07/1993,Pedra Grande,F,Brasileiro(a),12/07/2033
Guilherme Dias,Guilherme Dias,536.084.192-33,20/03/1979,Belo Horizonte,M,Brasileiro(a),26/10/2029
Mariana Rezende,Mariana Rezende,582.416.793-19,08/10/1946,Rugim,M,Brasileiro(a),04/07/2030
Sra. Aurora Cardoso,Sra. Aurora Cardoso,854.127.036-07,05/01/1980,Pedra Grande,M,Brasileiro(a),08/05/2035
Joao Guilherme Ramos,Joao Guilherme Ramos,298.730.516-86,28/07/1995,Porto Seguro,F,Brasileiro(a),13/09/2032
Liz Leao,Liz Leao,790.261.843-87,12/01/1948,Porto Seguro,F,Brasileiro(a),16/11/2033
Sra. Emanuelly Santos,Sra. Emanuelly Santos,862.051.794-58,29/10/1974,Rugim,F,Brasileiro(a),29/10/2035
Amanda Alves,Amanda Alves,319.604.278-22,07/11/1984,Belo Horizonte,M,Brasileiro(a),23/04/2034
Beatriz Cavalcanti,Beatriz Cavalcanti,601.478.239-78,30/12/1945,Belo Horizonte,F,Brasileiro(a),20/12/2033
Allana Vasconcelos,Allana Vasconcelos,376.451.298-91,08/03/1980,Belo Horizonte,F,Brasileiro(a),31/10/2034
Isabela Mendonca,Isabela Mendonca,538.024.679-65,16/10/1990,Rugim,M,Brasileiro(a),14/12/2034
Jose Miguel Nascimento,Jose Miguel Nascimento,247.058.136-26,02/08/1967,Pedra Grande,M,Brasileiro(a),19/12/2026
Dr. Ravi Gomes,Dr. Ravi Gomes,807.435.921-23,14/03/1998,Belo Horizonte,M,Brasileiro(a),09/05/2033
Pietro Cunha,Pietro Cunha,251.984.603-89,31/10/1998,Arinos,M,Brasileiro(a),30/08/2027
Sra. Ana Luiza Nascimento,Sra. Ana Luiza Nascimento,018.953.462-15,20/02/1948,Pedra Grande,F,Brasileiro(a),15/12/2027
Dr. Pedro Lucas Oliveira,Dr. Pedro Lucas Oliveira,894.527.360-38,19/02/2007,Porto Seguro,M,Brasileiro(a),20/01/2032
Dr. Caua Moraes,Dr. Caua Moraes,235.460.197-25,31/03/1975,Porto Seguro,F,Brasileiro(a),25/09/2034
Sra. Clara Araujo,Sra. Clara Araujo,619.832.705-12,20/07/2005,Almenara,M,Brasileiro(a),30/10/2031
Sra. Aurora Ramos,Sra. Aurora Ramos,583.792.104-41,30/07/1968,Arinos,F,Brasileiro(a),31/07/2032
Leandro Novais,Leandro Novais,721.648.509-20,25/10/1994,Belo Horizonte,F,Brasileiro(a),20/03/2032
Luara Ramos,Luara Ramos,847.125.096-94,24/03/2003,Sao Paulo,M,Brasileiro(a),25/05/2031
Eduarda Nascimento,Eduarda Nascimento,714.693.058-01,27/10/2005,Sao Paulo,M,Brasileiro(a),10/05/2027
Eduarda Pires,Eduarda Pires,342.506.987-00,16/06/1986,Belo Horizonte,M,Brasileiro(a),07/05/2030
Isabela Borges,Isabela Borges,596.108.234-24,30/05/1992,Pedra Grande,M,Brasileiro(a),27/01/2031
Dr. Theo Sa,Dr. Theo Sa,209.547.138-50,16/06/1967,Pedra Grande,M,Brasileiro(a),16/12/2027
Maria Flor Araujo,Maria Flor Araujo,178.934.602-96,16/07/1993,Belo Horizonte,M,Brasileiro(a),24/09/2028
Jose Rios,Jose Rios,041.897.253-23,12/04/2007,Rugim,F,Brasileiro(a),05/11/2027
Hadassa Castro,Hadassa Castro,342.870.519-04,18/10/1985,Pedra Grande,M,Brasileiro(a),21/02/2030
Erick Teixeira,Erick Teixeira,158.269.340-42,03/08/1997,Arinos,M,Brasileiro(a),30/09/2032
Davi Lucca Siqueira,Davi Lucca Siqueira,690.741.825-85,23/04/1967,Sao Paulo,F,Brasileiro(a),31/07/2034
Alexandre Goncalves,Alexandre Goncalves,475.189.236-37,23/12/1988,Pedra Grande,F,Brasileiro(a),02/03/2035
Maria Laura Vasconcelos,Maria Laura Vasconcelos,395.420.761-34,04/09/1958,Sao Paulo,F,Brasileiro(a),17/02/2031
Srta. Ana Cecilia da Cruz,Srta. Ana Cecilia da Cruz,479.831.065-48,19/06/1988,Sao Paulo,M,Brasileiro(a),26/12/2034
Bianca da Cruz,Bianca da Cruz,706.142.839-22,17/05/1976,Porto Seguro,M,Brasileiro(a),12/04/2029
Sr. Joao Lucas Dias,Sr. Joao Lucas Dias,293.574.618-09,22/09/1997,Pedra Grande,M,Brasileiro(a),26/10/2031
Theo Vieira,Theo Vieira,705.938.612-21,06/07/1968,Sao Paulo,F,Brasileiro(a),04/04/2033
Luiz Henrique Santos,Luiz Henrique Santos,038.724.956-74,12/03/2005,Sao Paulo,F,Brasileiro(a),19/03/2033
Ana Cecilia Cavalcanti,Ana Cecilia Cavalcanti,894.257.103-41,14/01/1993,Rugim,F,Brasileiro(a),27/03/2027
Joao Gabriel Novaes,Joao Gabriel Novaes,984.306.157-84,17/10/1986,Pedra Grande,M,Brasileiro(a),26/05/2035
Rafael Dias,Rafael Dias,354.961.782-82,11/02/1968,Almenara,M,Brasileiro(a),09/01/2028
Heitor Santos,Heitor Santos,681.025.497-85,08/05/1998,Arinos,F,Brasileiro(a),24/10/2032
Srta. Laura da Paz,Srta. Laura da Paz,915.786.043-20,10/07/1996,Pedra Grande,F,Brasileiro(a),23/01/2030
Kamilly da Cruz,Kamilly da Cruz,105.986.423-15,09/12/1960,Almenara,F,Brasileiro(a),06/12/2029
Sr. Bryan Freitas,Sr. Bryan Freitas,498.523.710-88,07/08/1993,Porto Seguro,M,Brasileiro(a),12/10/2034
Isadora Aragao,Isadora Aragao,731.298.654-46,17/10/1996,Sao Paulo,F,Brasileiro(a),07/03/2030
Srta. Maya Novaes,Srta. Maya Novaes,742.085.169-76,06/09/2005,Almenara,M,Brasileiro(a),06/05/2030
Nina Carvalho,Nina Carvalho,691.753.842-64,21/07/1984,Sao Paulo,F,Brasileiro(a),29/09/2028
Bruna Nunes,Bruna Nunes,381.054.762-07,14/09/1960,Porto Seguro,M,Brasileiro(a),09/10/2031
Maria Sophia Moraes,Maria Sophia Moraes,962.187.340-13,03/07/1977,Almenara,M,Brasileiro(a),11/11/2028
Jose Miguel Aparecida,Jose Miguel Aparecida,058.274.961-11,13/07/1982,Belo Horizonte,F,Brasileiro(a),07/09/2028
Vinicius Almeida,Vinicius Almeida,375.802.649-00,05/07/1979,Porto Seguro,M,Brasileiro(a),22/06/2034
Francisco Almeida,Francisco Almeida,134.785.962-46,26/08/1968,Almenara,F,Brasileiro(a),11/05/2035
Maria Laura Rodrigues,Maria Laura Rodrigues,971.230.856-12,15/10/1983,Pedra Grande,M,Brasileiro(a),21/12/2030
Maria Vitoria Vargas,Maria Vitoria Vargas,751.384.602-26,24/10/1949,Almenara,F,Brasileiro(a),03/11/2034
Josue da Cruz,Josue da Cruz,954.738.160-10,17/03/2001,Pedra Grande,F,Brasileiro(a),09/01/2035
Gustavo Henrique Pacheco,Gustavo Henrique Pacheco,790.165.834-75,22/09/2000,Sao Paulo,M,Brasileiro(a),16/07/2029
Ana Clara Caldeira,Ana Clara Caldeira,514.786.239-00,16/10/1957,Belo Horizonte,F,Brasileiro(a),26/01/2035
Maria Julia Sampaio,Maria Julia Sampaio,931.278.056-59,12/12/1946,Arinos,M,Brasileiro(a),17/08/2030
Sr. Ravi Lucca Rodrigues,Sr. Ravi Lucca Rodrigues,687.120.354-08,01/09/2001,Belo Horizonte,M,Brasileiro(a),13/06/2030
Fernando Souza,Fernando Souza,430.956.817-39,29/04/1968,Arinos,F,Brasileiro(a),03/02/2032
Yago Moraes,Yago Moraes,168.750.392-30,13/09/1960,Arinos,M,Brasileiro(a),10/02/2031
Srta. Sara da Paz,Srta. Sara da Paz,203.187.964-22,13/04/1967,Almenara,F,Brasileiro(a),21/04/2027
Gabriela Leao,Gabriela Leao,792.438.056-65,25/03/1960,Pedra Grande,M,Brasileiro(a),12/05/2029
Raul Ribeiro,Raul Ribeiro,196.284.703-96,24/09/1960,Arinos,F,Brasileiro(a),05/07/2035
Catarina Macedo,Catarina Macedo,875.249.301-60,06/02/1962,Arinos,F,Brasileiro(a),05/01/2030
Maria Sa,Maria Sa,782.619.354-00,03/01/1974,Belo Horizonte,M,Brasileiro(a),14/09/2029
Srta. Bianca Araujo,Srta. Bianca Araujo,123.657.904-61,28/06/2004,Rugim,F,Brasileiro(a),09/08/2033
Sr. Nicolas Azevedo,Sr. Nicolas Azevedo,613.829.405-05,25/09/1991,Sao Paulo,F,Brasileiro(a),06/03/2032
Srta. Lorena da Mota,Srta. Lorena da Mota,619.548.327-37,08/04/1979,Porto Seguro,F,Brasileiro(a),30/12/2028
Henry Gabriel Viana,Henry Gabriel Viana,125.036.498-15,12/09/1981,Sao Paulo,F,Brasileiro(a),19/08/2032
Caue Fogaca,Caue Fogaca,407.135.986-20,30/12/1968,Belo Horizonte,M,Brasileiro(a),10/05/2031
Henry Gabriel Siqueira,Henry Gabriel Siqueira,706.189.345-10,24/03/1978,Rugim,M,Brasileiro(a),08/09/2033
Sra. Sabrina Teixeira,Sra. Sabrina Teixeira,952.807.631-95,01/04/1960,Almenara,F,Brasileiro(a),13/05/2027
Dr. Luigi Rocha,Dr. Luigi Rocha,206.859.741-11,06/12/1944,Sao Paulo,F,Brasileiro(a),02/11/2034
Mariah Souza,Mariah Souza,950.478.621-94,11/08/1956,Pedra Grande,M,Brasileiro(a),22/03/2027
Nicole Silveira,Nicole Silveira,105.478.296-20,27/06/1978,Belo Horizonte,M,Brasileiro(a),07/05/2033
Eloa Sales,Eloa Sales,162.840.935-51,04/03/1953,Almenara,F,Brasileiro(a),04/08/2030
Ana Julia Pacheco,Ana Julia Pacheco,490.715.682-02,13/03/1960,Almenara,M,Brasileiro(a),27/08/2031
Livia Novaes,Livia Novaes,913.506.287-86,23/12/1980,Almenara,F,Brasileiro(a),15/04/2030
Augusto Rocha,Augusto Rocha,971.643.028-04,27/02/1980,Almenara,M,Brasileiro(a),30/04/2034
Vitor Gabriel Casa Grande,Vitor Gabriel Casa Grande,724.360.985-65,22/09/1988,Belo Horizonte,M,Brasileiro(a),31/05/2030
Luigi Vasconcelos,Luigi Vasconcelos,382.051.674-35,13/02/1974,Belo Horizonte,F,Brasileiro(a),10/10/2030
Luiz Henrique Abreu,Luiz Henrique Abreu,079.428.536-83,08/07/1954,Porto Seguro,M,Brasileiro(a),16/07/2030
Brayan Fogaca,Brayan Fogaca,351.794.682-64,21/08/1953,Belo Horizonte,M,Brasileiro(a),19/06/2027
Eduardo Melo,Eduardo Melo,784.309.621-31,03/05/1993,Sao Paulo,F,Brasileiro(a),16/04/2031
Yago Jesus,Yago Jesus,967.508.324-74,08/09/1957,Belo Horizonte,F,Brasileiro(a),11/04/2028
Alicia Goncalves,Alicia Goncalves,908.247.653-38,20/04/2004,Almenara,M,Brasileiro(a),28/11/2028
Maria Novais,Maria Novais,681.950.437-39,26/10/1997,Rugim,M,Brasileiro(a),09/10/2029
Calebe Novaes,Calebe Novaes,829.156.473-64,07/08/1985,Almenara,F,Brasileiro(a),02/08/2028
Luiz Fernando Pereira,Luiz Fernando Pereira,529.764.810-67,10/11/1953,Belo Horizonte,M,Brasileiro(a),22/08/2034
Isis Ramos,Isis Ramos,150.948.632-15,17/10/1986,Rugim,M,Brasileiro(a),17/12/2033
Luigi Costa,Luigi Costa,139.857.246-28,21/05/1995,Porto Seguro,M,Brasileiro(a),13/01/2034
Diego Montenegro,Diego Montenegro,318.054.267-53,20/12/1957,Porto Seguro,F,Brasileiro(a),01/10/2027
Joao Pedro Moura,Joao Pedro Moura,243.165.907-07,28/03/1995,Arinos,M,Brasileiro(a),31/05/2031
Pedro Miguel Nogueira,Pedro Miguel Nogueira,175.649.230-16,18/10/1979,Belo Horizonte,M,Brasileiro(a),19/04/2035
Agatha Porto,Agatha Porto,876.130.529-40,23/06/1990,Rugim,F,Brasileiro(a),23/09/2034
Maria Flor Jesus,Maria Flor Jesus,413.659.820-33,20/05/1989,Arinos,F,Brasileiro(a),21/12/2031
Theo Lima,Theo Lima,346.580.179-20,21/05/1957,Sao Paulo,M,Brasileiro(a),25/03/2033
Ana Julia da Conceicao,Ana Julia da Conceicao,718.452.096-30,01/04/1962,Belo Horizonte,M,Brasileiro(a),30/07/2032
Fernando Lopes,Fernando Lopes,743.865.192-46,02/10/1994,Sao Paulo,F,Brasileiro(a),24/08/2035
Erick Sampaio,Erick Sampaio,523.846.107-08,01/08/2007,Porto Seguro,M,Brasileiro(a),31/05/2032
Livia Lopes,Livia Lopes,541.620.397-80,21/01/1973,Arinos,F,Brasileiro(a),08/02/2032
Allana Fogaca,Allana Fogaca,176.598.230-86,07/09/1996,Almenara,M,Brasileiro(a),16/02/2029
Vinicius Barros,Vinicius Barros,713.926.485-64,29/03/2003,Almenara,M,Brasileiro(a),10/01/2035
Henry Gabriel Vieira,Henry Gabriel Vieira,921.380.645-06,21/11/1958,Belo Horizonte,F,Brasileiro(a),24/02/2035
Rael Sousa,Rael Sousa,018.579.623-03,21/09/1957,Arinos,M,Brasileiro(a),09/05/2035
Ana Cecilia Goncalves,Ana Cecilia Goncalves,217.368.904-50,17/03/1951,Pedra Grande,F,Brasileiro(a),03/04/2030
Pedro Lucas Viana,Pedro Lucas Viana,917.526.804-30,12/11/1949,Sao Paulo,M,Brasileiro(a),03/02/2035
Diogo da Paz,Diogo da Paz,306.192.854-51,07/09/2001,Sao Paulo,M,Brasileiro(a),06/02/2031
Maria Luisa Cavalcanti,Maria Luisa Cavalcanti,241.368.750-53,11/01/1992,Sao Paulo,F,Brasileiro(a),25/06/2033
Noah Dias,Noah Dias,416.537.028-26,20/11/1964,Almenara,F,Brasileiro(a),06/08/2027
Dr. Benicio Sousa,Dr. Benicio Sousa,052.684.391-89,26/11/1970,Belo Horizonte,F,Brasileiro(a),02/08/2031
Isabel da Rosa,Isabel da Rosa,893.652.147-00,01/08/1989,Belo Horizonte,M,Brasileiro(a),12/05/2029
Caleb Rios,Caleb Rios,856.297.401-30,13/12/1959,Belo Horizonte,F,Brasileiro(a),16/09/2031
Gabriela da Cunha,Gabriela da Cunha,860.745.912-02,30/12/1954,Pedra Grande,F,Brasileiro(a),25/06/2034
Laura Macedo,Laura Macedo,148.597.630-84,13/07/1989,Porto Seguro,F,Brasileiro(a),31/12/2026
Sra. Antonella Guerra,Sra. Antonella Guerra,504.236.879-56,26/08/2003,Rugim,M,Brasileiro(a),07/07/2027
Dra. Ayla Rodrigues,Dra. Ayla Rodrigues,017.498.562-20,11/11/1988,Sao Paulo,F,Brasileiro(a),23/01/2035
Luiz Fernando Correia,Luiz Fernando Correia,964.270.185-58,17/11/1946,Pedra Grande,F,Brasileiro(a),27/02/2029
Giovanna Garcia,Giovanna Garcia,843.207.961-87,08/07/1971,Arinos,M,Brasileiro(a),06/05/2035
Yan Carvalho,Yan Carvalho,504.217.398-60,25/11/1957,Rugim,M,Brasileiro(a),10/01/2034
Heitor das Neves,Heitor das Neves,106.579.234-43,26/04/1997,Porto Seguro,M,Brasileiro(a),17/05/2029
Ana Luiza Sales,Ana Luiza Sales,532.490.861-42,11/03/1984,Rugim,F,Brasileiro(a),04/03/2033
Ravi Lucca Macedo,Ravi Lucca Macedo,325.819.670-21,03/05/2007,Belo Horizonte,F,Brasileiro(a),02/11/2032
Kamilly Oliveira,Kamilly Oliveira,873.124.605-26,10/10/1968,Belo Horizonte,F,Brasileiro(a),04/10/2029
Marina Mendonca,Marina Mendonca,804.519.236-42,01/03/1992,Pedra Grande,F,Brasileiro(a),20/08/2034
Melina Sampaio,Melina Sampaio,201.836.574-62,01/06/1998,Arinos,M,Brasileiro(a),20/05/2034
Dante Cirino,Dante Cirino,106.745.932-43,01/12/1983,Pedra Grande,F,Brasileiro(a),14/10/2032
Ian Barros,Ian Barros,514.083.692-06,21/09/1967,Pedra Grande,F,Brasileiro(a),06/05/2033
Theodoro Pinto,Theodoro Pinto,196.705.342-16,15/09/1982,Rugim,M,Brasileiro(a),28/01/2032
Mariane Rocha,Mariane Rocha,714.825.903-79,14/01/1983,Almenara,M,Brasileiro(a),21/01/2033
Mariane Carvalho,Mariane Carvalho,028.356.974-38,03/07/1954,Sao Paulo,M,Brasileiro(a),16/12/2028
Mateus Rodrigues,Mateus Rodrigues,953.786.104-00,03/11/1959,Arinos,F,Brasileiro(a),11/06/2027
Liam Costa,Liam Costa,698.052.417-85,30/10/2007,Belo Horizonte,F,Brasileiro(a),30/06/2028
Arthur Carvalho,Arthur Carvalho,837.940.156-57,13/10/1997,Porto Seguro,M,Brasileiro(a),12/01/2034
Maria Alice Monteiro,Maria Alice Monteiro,974.306.852-00,07/10/2005,Porto Seguro,F,Brasileiro(a),25/06/2029
Enrico Costa,Enrico Costa,432.506.789-29,03/09/1994,Rugim,M,Brasileiro(a),24/06/2033
Calebe da Paz,Calebe da Paz,215.680.739-68,22/12/2004,Arinos,F,Brasileiro(a),12/02/2027
Dra. Evelyn Viana,Dra. Evelyn Viana,513.729.064-52,25/01/1962,Arinos,M,Brasileiro(a),15/02/2033
Isabel Cirino,Isabel Cirino,184.705.293-23,23/10/1979,Arinos,F,Brasileiro(a),16/02/2034
Isabela da Mota,Isabela da Mota,752.968.140-02,12/07/1948,Belo Horizonte,F,Brasileiro(a),25/07/2027
Dr. Raul Porto,Dr. Raul Porto,469.857.120-02,04/07/1986,Rugim,M,Brasileiro(a),06/08/2027
Lunna Farias,Lunna Farias,913.748.652-73,16/09/2004,Arinos,M,Brasileiro(a),14/03/2028
Dom Ferreira,Dom Ferreira,926.518.374-82,25/05/1985,Sao Paulo,M,Brasileiro(a),09/05/2031
Isadora Teixeira,Isadora Teixeira,349.208.567-92,02/03/1954,Almenara,F,Brasileiro(a),24/10/2027
Isis Pastor,Isis Pastor,120.458.793-05,05/10/2003,Pedra Grande,M,Brasileiro(a),16/02/2028
Sr. Erick Lopes,Sr. Erick Lopes,301.976.254-52,27/06/1985,Rugim,F,Brasileiro(a),10/01/2032
Marina Carvalho,Marina Carvalho,795.683.012-59,30/12/1982,Belo Horizonte,F,Brasileiro(a),18/11/2031
Henrique Camargo,Henrique Camargo,341.082.975-04,24/03/1977,Sao Paulo,F,Brasileiro(a),04/05/2033
Daniel Casa Grande,Daniel Casa Grande,086.132.947-31,12/02/1971,Arinos,F,Brasileiro(a),13/06/2031
Maria Fernanda Nascimento,Maria Fernanda Nascimento,140.385.762-80,13/02/2003,Arinos,F,Brasileiro(a),13/09/2032
Rodrigo Nogueira,Rodrigo Nogueira,748.163.250-26,27/11/1945,Pedra Grande,M,Brasileiro(a),03/07/2035
Melina Goncalves,Melina Goncalves,617.804.529-85,18/12/1974,Belo Horizonte,M,Brasileiro(a),15/06/2035
Rhavi Fernandes,Rhavi Fernandes,348.027.159-60,09/05/1989,Rugim,F,Brasileiro(a),19/09/2033
Giovanna Aparecida,Giovanna Aparecida,805.672.413-35,10/02/1994,Almenara,M,Brasileiro(a),23/11/2032
Maria Flor Ribeiro,Maria Flor Ribeiro,978.025.136-77,16/08/1986,Belo Horizonte,F,Brasileiro(a),12/10/2028
Rhavi Pastor,Rhavi Pastor,035.741.926-06,15/09/1969,Almenara,F,Brasileiro(a),28/09/2032
Fernanda Martins,Fernanda Martins,954.816.320-98,01/04/2000,Sao Paulo,M,Brasileiro(a),11/04/2035
Davi Lucca Sales,Davi Lucca Sales,769.518.324-55,15/06/1997,Belo Horizonte,F,Brasileiro(a),07/05/2031
Dr. Guilherme Aragao,Dr. Guilherme Aragao,054.261.389-15,07/10/1948,Rugim,F,Brasileiro(a),28/02/2034
Vitoria Nogueira,Vitoria Nogueira,184.269.357-37,17/08/1972,Rugim,F,Brasileiro(a),04/12/2029
Srta. Heloisa Ribeiro,Srta. Heloisa Ribeiro,906.321.478-22,09/09/1949,Pedra Grande,M,Brasileiro(a),10/07/2033
Leticia Ribeiro,Leticia Ribeiro,548.672.031-90,17/09/1955,Belo Horizonte,M,Brasileiro(a),16/08/2034
Ana Julia Pinto,Ana Julia Pinto,249.871.065-58,30/11/1965,Porto Seguro,F,Brasileiro(a),24/09/2034
Helena Pimenta,Helena Pimenta,930.647.281-13,20/01/1995,Porto Seguro,M,Brasileiro(a),27/01/2028
Sra. Emanuelly Melo,Sra. Emanuelly Melo,152.670.389-03,14/02/1964,Belo Horizonte,M,Brasileiro(a),06/12/2030
Caua Lopes,Caua Lopes,768.349.051-20,26/03/1971,Belo Horizonte,F,Brasileiro(a),28/07/2031
Julia Fernandes,Julia Fernandes,084.962.157-76,20/07/1995,Porto Seguro,F,Brasileiro(a),18/12/2033
Arthur Gabriel Barbosa,Arthur Gabriel Barbosa,241.789.056-94,07/01/2002,Pedra Grande,F,Brasileiro(a),26/05/2030
Kamilly Pimenta,Kamilly Pimenta,198.206.473-04,02/04/2003,Almenara,M,Brasileiro(a),08/04/2032
Caio Novais,Caio Novais,940.157.238-05,27/01/1975,Rugim,F,Brasileiro(a),18/11/2029
Rael Costela,Rael Costela,046.172.538-07,29/12/1951,Sao Paulo,M,Brasileiro(a),26/08/2034
Sr. Davi Lucas Goncalves,Sr. Davi Lucas Goncalves,725.304.986-10,01/07/1962,Porto Seguro,F,Brasileiro(a),01/10/2031
Dr. Pedro Miguel Dias,Dr. Pedro Miguel Dias,023.149.856-05,21/01/1962,Arinos,M,Brasileiro(a),25/01/2034
Dr. Juan Oliveira,Dr. Juan Oliveira,638.047.915-57,15/01/2007,Rugim,F,Brasileiro(a),13/04/2030
Sr. Bento Fonseca,Sr. Bento Fonseca,231.709.564-34,19/06/1971,Arinos,M,Brasileiro(a),15/10/2030
Augusto Dias,Augusto Dias,418.903.765-66,20/07/1975,Arinos,F,Brasileiro(a),13/11/2027
Arthur Miguel Duarte,Arthur Miguel Duarte,703.594.286-65,04/07/1959,Belo Horizonte,F,Brasileiro(a),12/08/2030
Joana Souza,Joana Souza,427.591.306-06,11/11/1984,Porto Seguro,M,Brasileiro(a),04/02/2029
Leonardo da Paz,Leonardo da Paz,895.732.410-05,28/01/1981,Sao Paulo,F,Brasileiro(a),13/08/2029
Murilo Lima,Murilo Lima,386.412.907-96,19/09/1989,Rugim,F,Brasileiro(a),25/12/2033
Marcela da Mata,Marcela da Mata,475.260.981-94,06/09/1994,Arinos,F,Brasileiro(a),11/10/2035
Bryan da Luz,Bryan da Luz,521.738.609-68,19/10/1994,Pedra Grande,M,Brasileiro(a),09/06/2034
Gabrielly Pinto,Gabrielly Pinto,731.462.950-16,11/01/1961,Belo Horizonte,M,Brasileiro(a),07/01/2031
Enzo Gabriel Pimenta,Enzo Gabriel Pimenta,694.203.875-00,19/04/1947,Rugim,F,Brasileiro(a),19/02/2033
Paulo Carvalho,Paulo Carvalho,482.357.910-05,21/07/1987,Porto Seguro,F,Brasileiro(a),19/06/2031
Isabela Moreira,Isabela Moreira,874.526.901-76,23/10/1953,Almenara,F,Brasileiro(a),12/08/2029
Leticia Aparecida,Leticia Aparecida,874.015.296-02,23/05/1952,Porto Seguro,F,Brasileiro(a),03/04/2028
Augusto Andrade,Augusto Andrade,286.741.395-82,26/11/1968,Almenara,M,Brasileiro(a),26/01/2033
Noah Campos,Noah Campos,032.148.967-50,30/06/1997,Porto Seguro,M,Brasileiro(a),24/07/2031
Theo da Rocha,Theo da Rocha,429.183.706-22,12/12/1976,Arinos,M,Brasileiro(a),07/10/2034
Alice Cavalcante,Alice Cavalcante,180.534.697-01,21/07/1963,Belo Horizonte,M,Brasileiro(a),29/10/2030
Dra. Pietra Albuquerque,Dra. Pietra Albuquerque,509.437.182-79,02/11/1991,Almenara,F,Brasileiro(a),03/01/2033
Maria Liz Ramos,Maria Liz Ramos,640.381.259-98,30/01/1980,Pedra Grande,M,Brasileiro(a),15/11/2030
Diogo da Rocha,Diogo da Rocha,319.758.462-73,20/04/1968,Pedra Grande,M,Brasileiro(a),23/11/2034
Daniel Vargas,Daniel Vargas,017.982.635-21,23/05/1995,Rugim,F,Brasileiro(a),07/12/2027
Sra. Maite Moraes,Sra. Maite Moraes,854.926.307-92,06/07/1967,Almenara,F,Brasileiro(a),18/11/2026
Nathan Goncalves,Nathan Goncalves,560.297.481-49,09/05/2002,Pedra Grande,F,Brasileiro(a),25/08/2028
Emanuelly Peixoto,Emanuelly Peixoto,250.963.817-30,05/08/2003,Belo Horizonte,F,Brasileiro(a),21/11/2034
Otto da Cunha,Otto da Cunha,730.825.196-95,30/01/1962,Rugim,M,Brasileiro(a),18/03/2034
Asafe Castro,Asafe Castro,461.520.793-06,31/03/1980,Arinos,M,Brasileiro(a),20/09/2027
Ana Livia Fonseca,Ana Livia Fonseca,069.371.548-01,03/12/1969,Arinos,F,Brasileiro(a),11/10/2027
Luiz Henrique Almeida,Luiz Henrique Almeida,470.235.891-04,24/09/1995,Sao Paulo,F,Brasileiro(a),26/12/2027
Natalia Gomes,Natalia Gomes,094.213.875-97,24/04/1983,Almenara,F,Brasileiro(a),29/06/2034
Dra. Fernanda Albuquerque,Dra. Fernanda Albuquerque,521.063.497-34,15/05/1978,Almenara,F,Brasileiro(a),10/01/2034
Ana Livia Ramos,Ana Livia Ramos,096.841.235-15,28/03/1991,Belo Horizonte,M,Brasileiro(a),16/03/2029
Isabel Pastor,Isabel Pastor,152.978.604-58,07/10/1955,Almenara,M,Brasileiro(a),31/03/2030
Sra. Agatha Garcia,Sra. Agatha Garcia,486.925.301-15,26/11/1956,Arinos,F,Brasileiro(a),01/11/2028
Andre Montenegro,Andre Montenegro,806.752.913-21,21/09/1990,Arinos,M,Brasileiro(a),26/07/2028
Enzo Nunes,Enzo Nunes,258.063.917-95,19/08/1953,Rugim,M,Brasileiro(a),20/10/2030
Miguel Cassiano,Miguel Cassiano,847.630.152-90,06/06/1948,Rugim,F,Brasileiro(a),30/06/2031
Lais Moura,Lais Moura,598.610.742-01,26/07/1964,Porto Seguro,F,Brasileiro(a),26/02/2034
Eduardo Costa,Eduardo Costa,218.904.573-88,29/04/1979,Pedra Grande,F,Brasileiro(a),08/02/2034
Valentim Teixeira,Valentim Teixeira,063.271.548-08,07/07/1989,Pedra Grande,F,Brasileiro(a),11/05/2034
Melina Freitas,Melina Freitas,145.678.390-48,09/02/1984,Porto Seguro,M,Brasileiro(a),07/07/2030
Dr. Levi Souza,Dr. Levi Souza,846.197.530-84,23/03/1955,Rugim,M,Brasileiro(a),12/02/2030
Benjamin Barros,Benjamin Barros,541.398.627-00,24/01/1964,Arinos,M,Brasileiro(a),10/12/2029
Ana Camara,Ana Camara,634.098.571-84,21/10/1989,Pedra Grande,M,Brasileiro(a),08/04/2031
Sr. Mathias Cassiano,Sr. Mathias Cassiano,038.645.192-33,26/04/1993,Sao Paulo,M,Brasileiro(a),12/09/2027
Nicolas Silveira,Nicolas Silveira,674.052.381-90,07/09/2001,Belo Horizonte,F,Brasileiro(a),08/01/2035
Ana Beatriz Camara,Ana Beatriz Camara,567.243.981-00,26/11/1952,Arinos,F,Brasileiro(a),25/09/2031
Eloah Alves,Eloah Alves,612.703.984-31,24/08/1965,Porto Seguro,M,Brasileiro(a),22/07/2033
Bernardo Sampaio,Bernardo Sampaio,245.386.970-10,27/10/2003,Porto Seguro,M,Brasileiro(a),17/02/2029
Valentina Cardoso,Valentina Cardoso,574.691.028-76,08/03/1996,Almenara,M,Brasileiro(a),17/08/2030
Olivia Castro,Olivia Castro,015.346.892-06,07/03/1996,Almenara,F,Brasileiro(a),08/07/2027
Isabela Mendonca,Isabela Mendonca,248.936.105-89,23/05/1991,Arinos,M,Brasileiro(a),11/11/2035
Ester Pereira,Ester Pereira,287.490.356-65,12/05/1975,Almenara,F,Brasileiro(a),03/01/2035
Sra. Hellena Nogueira,Sra. Hellena Nogueira,937.458.106-00,14/02/1970,Porto Seguro,F,Brasileiro(a),24/10/2032
Dra. Isadora Oliveira,Dra. Isadora Oliveira,175.926.803-86,15/03/1956,Porto Seguro,F,Brasileiro(a),25/05/2030
Breno Jesus,Breno Jesus,138.795.426-19,31/03/1998,Rugim,F,Brasileiro(a),29/04/2032
Davi Miguel da Mata,Davi Miguel da Mata,678.135.402-71,17/07/2006,Rugim,F,Brasileiro(a),19/11/2034
Sr. Guilherme Peixoto,Sr. Guilherme Peixoto,791.654.023-16,27/01/1978,Rugim,F,Brasileiro(a),10/08/2035
Sr. Caleb Alves,Sr. Caleb Alves,597.402.681-02,07/12/1998,Porto Seguro,M,Brasileiro(a),08/11/2035
Srta. Luana Pires,Srta. Luana Pires,450.713.826-44,16/10/1970,Almenara,F,Brasileiro(a),27/07/2028
Sabrina Leao,Sabrina Leao,374.260.918-13,30/08/1993,Rugim,M,Brasileiro(a),13/12/2026
Giovanna Pacheco,Giovanna Pacheco,420.583.179-04,28/11/1954,Pedra Grande,M,Brasileiro(a),29/03/2031
Gael Pires,Gael Pires,846.709.532-65,06/10/2004,Porto Seguro,F,Brasileiro(a),18/10/2030
Theo Gomes,Theo Gomes,819.540.263-15,31/03/1990,Almenara,F,Brasileiro(a),29/08/2030
Dr. Joao Vitor Cavalcanti,Dr. Joao Vitor Cavalcanti,628.713.490-96,01/10/1951,Arinos,F,Brasileiro(a),19/07/2035
Jose Miguel Borges,Jose Miguel Borges,268.395.174-46,10/05/1989,Almenara,M,Brasileiro(a),27/02/2027
Dom Sa,Dom Sa,138.042.956-06,18/04/1995,Sao Paulo,M,Brasileiro(a),12/07/2032
Dr. Pedro Duarte,Dr. Pedro Duarte,298.105.647-67,11/06/1982,Pedra Grande,M,Brasileiro(a),12/02/2031
Danilo Costela,Danilo Costela,874.219.350-88,11/07/1948,Sao Paulo,M,Brasileiro(a),28/12/2031
Gael Freitas,Gael Freitas,356.079.214-25,20/06/1947,Sao Paulo,F,Brasileiro(a),03/09/2027
Sr. Emanuel Cavalcanti,Sr. Emanuel Cavalcanti,821.603.794-50,12/12/1966,Belo Horizonte,F,Brasileiro(a),11/05/2032
Lucas Gabriel Vasconcelos,Lucas Gabriel Vasconcelos,872.405.693-65,09/08/1975,Almenara,F,Brasileiro(a),25/08/2030
Renan Montenegro,Renan Montenegro,379.180.526-68,05/12/1997,Almenara,M,Brasileiro(a),16/02/2027
Srta. Camila Barros,Srta. Camila Barros,452.379.016-70,10/04/1966,Arinos,F,Brasileiro(a),05/08/2032
Davi Luiz Farias,Davi Luiz Farias,901.274.836-40,09/12/1948,Pedra Grande,M,Brasileiro(a),21/06/2029
Dr. Anthony Gabriel Peixoto,Dr. Anthony Gabriel Peixoto,572.139.806-02,07/12/1945,Rugim,F,Brasileiro(a),24/01/2028
Olivia Oliveira,Olivia Oliveira,325.489.067-10,16/03/1945,Rugim,M,Brasileiro(a),14/04/2029
Pedro Miguel Nogueira,Pedro Miguel Nogueira,475.130.628-62,05/09/1958,Belo Horizonte,M,Brasileiro(a),29/08/2034
Gabrielly da Mota,Gabrielly da Mota,478.691.302-22,13/11/2001,Pedra Grande,F,Brasileiro(a),14/02/2031
Ana Julia Mendes,Ana Julia Mendes,705.148.329-32,06/03/1953,Arinos,M,Brasileiro(a),13/03/2027
Srta. Maria Flor Ramos,Srta. Maria Flor Ramos,916.830.547-84,18/10/1963,Belo Horizonte,M,Brasileiro(a),08/06/2031
Sra. Maria Eduarda Cardoso,Sra. Maria Eduarda Cardoso,257.039.648-65,28/09/1955,Rugim,F,Brasileiro(a),06/01/2029
Leo Pimenta,Leo Pimenta,095.743.286-00,09/05/1957,Almenara,F,Brasileiro(a),26/06/2028
Luiz Felipe Mendes,Luiz Felipe Mendes,743.512.890-23,16/05/2005,Almenara,F,Brasileiro(a),18/07/2028
Arthur Gabriel Freitas,Arthur Gabriel Freitas,789.306.145-66,17/04/2002,Arinos,M,Brasileiro(a),03/10/2027
Jose Miguel Farias,Jose Miguel Farias,532.946.810-89,30/05/1999,Almenara,M,Brasileiro(a),04/01/2032
Jose Miguel Cirino,Jose Miguel Cirino,105.243.769-99,29/09/1965,Sao Paulo,M,Brasileiro(a),27/06/2031
Alana Silva,Alana Silva,018.253.764-17,25/02/2001,Belo Horizonte,M,Brasileiro(a),14/02/2027
Sra. Bella Correia,Sra. Bella Correia,325.968.107-86,01/03/1978,Porto Seguro,F,Brasileiro(a),18/08/2029
Arthur Santos,Arthur Santos,369.451.280-24,20/02/1969,Arinos,M,Brasileiro(a),01/07/2031
Sr. Joao Guilherme Peixoto,Sr. Joao Guilherme Peixoto,279.438.601-87,04/08/1947,Belo Horizonte,F,Brasileiro(a),29/04/2028
Jose Miguel Nascimento,Jose Miguel Nascimento,785.062.431-90,18/01/1948,Almenara,F,Brasileiro(a),24/07/2027
Dra. Rebeca Fogaca,Dra. Rebeca Fogaca,793.516.482-73,13/12/1978,Belo Horizonte,F,Brasileiro(a),30/06/2034
Luiz Otavio Ferreira,Luiz Otavio Ferreira,507.129.348-04,25/08/1970,Porto Seguro,F,Brasileiro(a),08/01/2035
Henry Andrade,Henry Andrade,984.237.056-92,08/03/1973,Sao Paulo,M,Brasileiro(a),12/08/2032
Jose Ramos,Jose Ramos,549.107.823-97,24/11/1988,Pedra Grande,M,Brasileiro(a),03/11/2029
Julia Machado,Julia Machado,245.173.098-60,10/08/1985,Porto Seguro,F,Brasileiro(a),20/02/2031
Ana Ferreira,Ana Ferreira,908.271.453-14,19/01/1953,Almenara,F,Brasileiro(a),12/02/2028
Maria Melo,Maria Melo,802.794.136-96,28/04/1991,Arinos,M,Brasileiro(a),04/03/2032
Vitoria Garcia,Vitoria Garcia,256.138.907-30,09/08/1999,Pedra Grande,F,Brasileiro(a),09/07/2028
Guilherme Vasconcelos,Guilherme Vasconcelos,716.450.839-93,17/04/1965,Rugim,F,Brasileiro(a),18/01/2029
Maya Camargo,Maya Camargo,204.875.963-74,18/07/1962,Pedra Grande,F,Brasileiro(a),13/01/2029
Arthur Gabriel Guerra,Arthur Gabriel Guerra,746.312.908-03,30/10/1961,Sao Paulo,M,Brasileiro(a),06/10/2029
Joao Andrade,Joao Andrade,712.460.593-80,10/03/1977,Arinos,M,Brasileiro(a),16/07/2029
Sra. Hellena Moreira,Sra. Hellena Moreira,912.453.076-06,08/12/1999,Almenara,F,Brasileiro(a),12/02/2028
Thales Caldeira,Thales Caldeira,124.735.806-26,06/11/1956,Rugim,M,Brasileiro(a),04/10/2030
Ana Cecilia Fonseca,Ana Cecilia Fonseca,635.198.207-30,15/12/1952,Sao Paulo,M,Brasileiro(a),22/12/2029
Esther Fogaca,Esther Fogaca,382.194.506-06,06/02/1993,Sao Paulo,F,Brasileiro(a),08/08/2031
Augusto Moreira,Augusto Moreira,165.028.973-12,27/09/1980,Sao Paulo,F,Brasileiro(a),14/08/2028
Otavio Moreira,Otavio Moreira,243.850.691-15,22/03/1988,Arinos,F,Brasileiro(a),17/02/2027
Eduarda Lopes,Eduarda Lopes,941.506.387-48,31/01/1990,Belo Horizonte,F,Brasileiro(a),02/07/2033
Vitor Ramos,Vitor Ramos,385.461.279-64,05/10/2003,Pedra Grande,M,Brasileiro(a),24/10/2028
Henry Gabriel Goncalves,Henry Gabriel Goncalves,261.934.785-82,26/01/1977,Rugim,F,Brasileiro(a),04/12/2034
Isaque Camara,Isaque Camara,283.475.910-32,23/06/1999,Arinos,M,Brasileiro(a),06/05/2033
Maria Jesus,Maria Jesus,026.894.135-15,09/09/2007,Belo Horizonte,F,Brasileiro(a),08/05/2031
Aylla Jesus,Aylla Jesus,965.402.873-56,01/04/1984,Rugim,F,Brasileiro(a),03/03/2031
Larissa Teixeira,Larissa Teixeira,851.273.960-68,25/04/1946,Rugim,F,Brasileiro(a),27/01/2033
Joao Pedro Barros,Joao Pedro Barros,065.389.712-02,05/05/1988,Pedra Grande,F,Brasileiro(a),15/10/2035
Maria Isis Guerra,Maria Isis Guerra,749.065.218-94,18/12/1992,Almenara,M,Brasileiro(a),14/01/2034
Ana Luiza Cavalcante,Ana Luiza Cavalcante,436.591.280-15,25/09/2006,Pedra Grande,M,Brasileiro(a),21/05/2033
Luiz Otavio Vieira,Luiz Otavio Vieira,194.085.623-05,28/05/1983,Porto Seguro,F,Brasileiro(a),04/03/2027
Cecilia da Cunha,Cecilia da Cunha,541.970.286-01,20/08/1980,Arinos,M,Brasileiro(a),13/04/2033
Dr. Emanuel da Mota,Dr. Emanuel da Mota,132.406.859-06,31/10/1976,Porto Seguro,F,Brasileiro(a),26/01/2031
Eduarda Pimenta,Eduarda Pimenta,089.475.261-85,22/11/1963,Sao Paulo,F,Brasileiro(a),15/04/2033
Nina Mendes,Nina Mendes,163.984.720-04,14/08/1968,Belo Horizonte,M,Brasileiro(a),14/02/2029
Dr. Caue Pires,Dr. Caue Pires,124.570.396-06,12/05/1990,Sao Paulo,M,Brasileiro(a),03/05/2032
Zoe Vieira,Zoe Vieira,941.370.256-06,19/04/1949,Pedra Grande,M,Brasileiro(a),10/05/2027
Sra. Isis Farias,Sra. Isis Farias,796.413.820-04,26/04/2001,Sao Paulo,M,Brasileiro(a),19/04/2030
Maria Sophia Sa,Maria Sophia Sa,346.187.095-10,09/01/1991,Almenara,F,Brasileiro(a),06/07/2035
Maria Julia Porto,Maria Julia Porto,517.936.428-00,02/08/1957,Pedra Grande,F,Brasileiro(a),22/09/2028
Isabella Duarte,Isabella Duarte,079.386.152-77,27/06/1998,Almenara,M,Brasileiro(a),18/11/2034
Rafaela Campos,Rafaela Campos,260.543.719-16,10/10/1997,Pedra Grande,F,Brasileiro(a),15/03/2028
Antony da Mota,Antony da Mota,853.126.497-91,21/11/1982,Porto Seguro,F,Brasileiro(a),08/06/2030
Vicente Farias,Vicente Farias,405.372.896-74,06/08/1970,Belo Horizonte,M,Brasileiro(a),21/02/2028
Sra. Aylla Duarte,Sra. Aylla Duarte,892.064.157-94,13/01/1948,Pedra Grande,F,Brasileiro(a),05/02/2027
Luara Fogaca,Luara Fogaca,897.146.023-78,16/07/1950,Arinos,M,Brasileiro(a),26/11/2034
Jose Miguel Porto,Jose Miguel Porto,380.254.196-06,03/07/1954,Pedra Grande,F,Brasileiro(a),09/09/2031
Srta. Aylla Ribeiro,Srta. Aylla Ribeiro,097.815.632-30,01/09/1982,Almenara,F,Brasileiro(a),12/03/2033
Sra. Emanuella Goncalves,Sra. Emanuella Goncalves,158.246.937-73,20/06/1965,Sao Paulo,M,Brasileiro(a),08/11/2034
Sr. Marcos Vinicius Pastor,Sr. Marcos Vinicius Pastor,408.731.925-32,23/11/1948,Pedra Grande,M,Brasileiro(a),08/04/2029
Vitor Gabriel Fonseca,Vitor Gabriel Fonseca,231.980.657-12,11/06/1965,Almenara,M,Brasileiro(a),08/08/2029
Srta. Fernanda Cardoso,Srta. Fernanda Cardoso,361.297.504-80,27/04/1980,Porto Seguro,M,Brasileiro(a),09/08/2031
Stephany Santos,Stephany Santos,358.479.061-10,11/04/1956,Rugim,F,Brasileiro(a),19/04/2029
Marina Garcia,Marina Garcia,290.563.148-15,20/08/1977,Almenara,M,Brasileiro(a),29/09/2035
Srta. Stella Pires,Srta. Stella Pires,531.428.769-28,03/02/1988,Belo Horizonte,M,Brasileiro(a),11/09/2031
Fernanda da Luz,Fernanda da Luz,086.572.914-01,10/11/1966,Pedra Grande,M,Brasileiro(a),23/06/2034
Paulo Novais,Paulo Novais,351.472.809-79,08/01/1947,Almenara,F,Brasileiro(a),25/07/2028
Arthur Miguel Castro,Arthur Miguel Castro,364.078.152-07,09/06/1965,Almenara,F,Brasileiro(a),17/04/2033
Clarice Montenegro,Clarice Montenegro,687.045.192-30,03/01/1977,Porto Seguro,M,Brasileiro(a),21/10/2030
Barbara da Luz,Barbara da Luz,108.637.492-40,31/08/1984,Almenara,M,Brasileiro(a),06/03/2034
Otto Martins,Otto Martins,835.176.209-12,22/10/1965,Almenara,M,Brasileiro(a),25/06/2032
Vitor Gabriel Cavalcanti,Vitor Gabriel Cavalcanti,540.319.786-93,04/11/1951,Porto Seguro,F,Brasileiro(a),08/01/2028
Jade da Luz,Jade da Luz,634.758.092-65,06/08/1950,Belo Horizonte,F,Brasileiro(a),15/05/2029
Liam Leao,Liam Leao,023.467.985-92,23/07/1989,Sao Paulo,M,Brasileiro(a),03/05/2035
Laura Aragao,Laura Aragao,163.875.492-64,14/01/1989,Sao Paulo,F,Brasileiro(a),11/08/2028
Amanda Marques,Amanda Marques,178.592.403-60,07/04/1996,Pedra Grande,M,Brasileiro(a),05/06/2033
Emanuel Albuquerque,Emanuel Albuquerque,793.182.650-77,17/07/1968,Sao Paulo,M,Brasileiro(a),29/04/2029
Natalia Camargo,Natalia Camargo,126.345.798-37,14/04/1998,Rugim,M,Brasileiro(a),16/08/2034
Sara Duarte,Sara Duarte,185.723.964-46,20/12/1984,Belo Horizonte,M,Brasileiro(a),22/04/2035
Sr. Joao Gabriel Costa,Sr. Joao Gabriel Costa,405.378.296-10,13/12/1999,Belo Horizonte,M,Brasileiro(a),24/05/2029
Camila Almeida,Camila Almeida,259.084.761-02,08/11/2001,Sao Paulo,F,Brasileiro(a),02/11/2031
Olivia Rios,Olivia Rios,237.048.561-26,28/07/1960,Pedra Grande,F,Brasileiro(a),14/05/2035
Valentina Silveira,Valentina Silveira,036.481.957-00,19/12/1991,Pedra Grande,M,Brasileiro(a),03/12/2034
Ana Vitoria Rocha,Ana Vitoria Rocha,683.410.795-93,21/04/1959,Rugim,M,Brasileiro(a),23/06/2027
Srta. Laura Vargas,Srta. Laura Vargas,916.348.507-93,13/08/1964,Arinos,M,Brasileiro(a),22/10/2031
Mirella Cunha,Mirella Cunha,296.018.745-85,24/06/1957,Rugim,M,Brasileiro(a),25/09/2029
Pedro Miguel Ferreira,Pedro Miguel Ferreira,492.163.075-52,10/06/2000,Rugim,F,Brasileiro(a),27/06/2032
Isabelly Souza,Isabelly Souza,015.938.742-60,17/10/2003,Sao Paulo,M,Brasileiro(a),10/08/2030
Srta. Fernanda Cavalcanti,Srta. Fernanda Cavalcanti,809.526.417-20,07/02/1975,Porto Seguro,M,Brasileiro(a),12/04/2032
Bruna Porto,Bruna Porto,962.738.541-73,22/08/1976,Pedra Grande,F,Brasileiro(a),28/09/2030
Zoe Silveira,Zoe Silveira,075.362.189-40,21/04/1970,Sao Paulo,M,Brasileiro(a),20/03/2032
Rodrigo Ramos,Rodrigo Ramos,639.712.450-99,16/01/1991,Porto Seguro,M,Brasileiro(a),20/07/2030
Lunna Mendonca,Lunna Mendonca,685.794.203-00,17/03/1974,Porto Seguro,F,Brasileiro(a),15/08/2034
Isis Castro,Isis Castro,870.529.346-47,31/05/1994,Porto Seguro,F,Brasileiro(a),19/06/2029
Luigi Pastor,Luigi Pastor,960.574.812-67,15/08/1957,Arinos,F,Brasileiro(a),22/01/2029
Ravy Borges,Ravy Borges,021.896.475-76,25/01/1950,Almenara,F,Brasileiro(a),17/10/2035
Joao Miguel Souza,Joao Miguel Souza,257.391.684-73,01/11/1980,Almenara,F,Brasileiro(a),29/03/2035
Caua Cavalcanti,Caua Cavalcanti,468.329.510-51,21/02/1955,Rugim,F,Brasileiro(a),27/01/2032
Diogo Machado,Diogo Machado,719.254.830-88,18/11/1952,Almenara,F,Brasileiro(a),06/02/2030
Emanuella Duarte,Emanuella Duarte,960.437.812-04,16/12/1963,Arinos,M,Brasileiro(a),20/01/2028
Augusto Teixeira,Augusto Teixeira,948.523.607-74,17/05/1979,Pedra Grande,M,Brasileiro(a),27/09/2033
Joao Miguel Cavalcante,Joao Miguel Cavalcante,042.976.538-00,07/02/1974,Pedra Grande,M,Brasileiro(a),04/04/2033
Ana Vitoria das Neves,Ana Vitoria das Neves,175.362.489-46,23/02/1951,Almenara,M,Brasileiro(a),11/09/2032
Dra. Ana Laura Costa,Dra. Ana Laura Costa,186.702.453-53,23/12/1953,Belo Horizonte,M,Brasileiro(a),02/07/2029
Alice Barros,Alice Barros,639.258.047-65,15/11/1984,Porto Seguro,F,Brasileiro(a),25/11/2029
Theo Aragao,Theo Aragao,087.459.361-10,07/08/2006,Pedra Grande,F,Brasileiro(a),19/10/2028
Theo Aparecida,Theo Aparecida,394.625.817-46,06/11/1956,Sao Paulo,F,Brasileiro(a),25/04/2034
Isaac Cassiano,Isaac Cassiano,725.903.468-83,20/10/1995,Sao Paulo,M,Brasileiro(a),04/03/2031
Enzo Gabriel Sampaio,Enzo Gabriel Sampaio,782.403.956-00,28/06/1989,Arinos,M,Brasileiro(a),31/01/2032
Hellena Barbosa,Hellena Barbosa,847.521.690-02,29/01/1970,Rugim,F,Brasileiro(a),07/09/2030
Srta. Bianca Rezende,Srta. Bianca Rezende,520.641.789-02,04/04/1956,Arinos,F,Brasileiro(a),24/03/2027
Yuri da Rosa,Yuri da Rosa,136.059.274-16,14/10/1949,Almenara,M,Brasileiro(a),19/04/2027
Rhavi Pereira,Rhavi Pereira,572.398.140-41,08/08/1962,Sao Paulo,F,Brasileiro(a),18/10/2031
Sr. Paulo Cardoso,Sr. Paulo Cardoso,658.132.974-64,11/05/1984,Sao Paulo,M,Brasileiro(a),14/09/2031
Lunna Cavalcanti,Lunna Cavalcanti,974.230.651-61,03/10/1954,Belo Horizonte,F,Brasileiro(a),03/11/2029
Ana Julia da Cunha,Ana Julia da Cunha,102.896.347-50,11/12/1986,Almenara,M,Brasileiro(a),17/02/2034
Miguel Oliveira,Miguel Oliveira,201.869.743-96,24/06/1966,Pedra Grande,F,Brasileiro(a),10/03/2028
Milena Leao,Milena Leao,905.814.263-98,09/04/1964,Belo Horizonte,F,Brasileiro(a),07/07/2029
Ester Pinto,Ester Pinto,640.827.519-20,18/08/1990,Belo Horizonte,F,Brasileiro(a),02/11/2031
Dr. Danilo da Costa,Dr. Danilo da Costa,498.502.316-70,27/11/1945,Almenara,M,Brasileiro(a),17/12/2031
Maria Helena Pacheco,Maria Helena Pacheco,895.267.014-02,06/09/1964,Arinos,M,Brasileiro(a),10/02/2031
Barbara Abreu,Barbara Abreu,830.946.251-42,01/03/1953,Almenara,F,Brasileiro(a),27/12/2026
Mateus Goncalves,Mateus Goncalves,851.206.793-40,28/09/2003,Rugim,F,Brasileiro(a),10/08/2032
Daniel Moura,Daniel Moura,273.941.865-55,08/02/1986,Rugim,F,Brasileiro(a),30/09/2031
Sr. Calebe Pastor,Sr. Calebe Pastor,203.148.769-87,06/08/1955,Porto Seguro,M,Brasileiro(a),20/03/2035
Andre da Paz,Andre da Paz,572.834.019-97,26/10/1968,Pedra Grande,F,Brasileiro(a),11/09/2030
Srta. Stephany Goncalves,Srta. Stephany Goncalves,209.813.475-41,08/01/1978,Arinos,F,Brasileiro(a),05/01/2032
Melissa Cunha,Melissa Cunha,410.926.835-42,08/04/1953,Arinos,F,Brasileiro(a),20/09/2027
Dr. Pedro Miguel Borges,Dr. Pedro Miguel Borges,721.490.863-87,27/05/1948,Belo Horizonte,F,Brasileiro(a),09/02/2034
Joao Vitor Nunes,Joao Vitor Nunes,234.857.190-05,04/03/1950,Pedra Grande,M,Brasileiro(a),08/08/2027
Antonella Pereira,Antonella Pereira,781.634.025-71,06/01/1990,Sao Paulo,F,Brasileiro(a),24/07/2031
Felipe Lopes,Felipe Lopes,138.429.605-06,08/09/1962,Sao Paulo,M,Brasileiro(a),01/09/2029
Manuella Vieira,Manuella Vieira,146.032.975-99,24/06/1994,Pedra Grande,M,Brasileiro(a),11/09/2033
Antonio Cunha,Antonio Cunha,738.926.105-68,17/07/1978,Sao Paulo,M,Brasileiro(a),12/04/2034
Maria Luiza Albuquerque,Maria Luiza Albuquerque,604.859.237-00,26/06/1981,Belo Horizonte,F,Brasileiro(a),31/10/2034
Dr. Luiz Gustavo Cunha,Dr. Luiz Gustavo Cunha,712.486.935-82,01/05/1973,Rugim,M,Brasileiro(a),03/06/2032
Jose Miguel Nogueira,Jose Miguel Nogueira,153.297.486-82,12/09/1992,Sao Paulo,M,Brasileiro(a),31/05/2027
Hellena Montenegro,Hellena Montenegro,615.823.907-03,12/06/1946,Sao Paulo,M,Brasileiro(a),01/12/2027
Mathias Caldeira,Mathias Caldeira,462.073.915-43,12/09/1966,Rugim,M,Brasileiro(a),26/07/2035
Henrique Nogueira,Henrique Nogueira,647.031.298-50,22/09/1993,Rugim,M,Brasileiro(a),17/03/2027
Fernando Vieira,Fernando Vieira,217.436.085-35,19/06/1976,Belo Horizonte,M,Brasileiro(a),18/03/2033
Fernando Vasconcelos,Fernando Vasconcelos,091.678.432-04,27/04/1973,Arinos,F,Brasileiro(a),04/05/2031
Pedro Lucas Santos,Pedro Lucas Santos,637.514.892-82,06/03/1999,Almenara,F,Brasileiro(a),19/01/2035
Luiz Miguel Azevedo,Luiz Miguel Azevedo,043.289.765-83,20/07/1990,Rugim,F,Brasileiro(a),18/06/2028
Gael Carvalho,Gael Carvalho,678.904.325-00,10/11/1999,Almenara,F,Brasileiro(a),19/03/2032
Sra. Nicole Cardoso,Sra. Nicole Cardoso,802.374.965-00,29/06/1953,Rugim,M,Brasileiro(a),15/11/2026
Joao Vitor Azevedo,Joao Vitor Azevedo,239.876.451-64,12/11/1973,Arinos,F,Brasileiro(a),15/06/2035
Daniel Ribeiro,Daniel Ribeiro,592.738.146-46,26/07/1987,Sao Paulo,M,Brasileiro(a),29/01/2029
Maria Isis Sales,Maria Isis Sales,890.267.134-87,23/01/2004,Sao Paulo,F,Brasileiro(a),09/01/2032
Sara Nascimento,Sara Nascimento,358.061.749-48,05/04/1957,Belo Horizonte,M,Brasileiro(a),20/04/2032
Maria Fernanda Vargas,Maria Fernanda Vargas,052.346.179-80,03/10/1947,Pedra Grande,M,Brasileiro(a),07/10/2033
Arthur Miguel Carvalho,Arthur Miguel Carvalho,953.204.168-06,11/11/1964,Almenara,M,Brasileiro(a),17/04/2028
Danilo Pires,Danilo Pires,487.963.510-39,02/05/1946,Porto Seguro,F,Brasileiro(a),01/10/2035
Dr. Dom Novais,Dr. Dom Novais,619.520.348-33,09/07/1972,Belo Horizonte,M,Brasileiro(a),16/06/2034
Isadora Azevedo,Isadora Azevedo,634.910.758-66,16/10/2000,Porto Seguro,M,Brasileiro(a),20/09/2034
Maria Julia das Neves,Maria Julia das Neves,587.430.619-66,06/04/1967,Sao Paulo,M,Brasileiro(a),20/09/2030
Ana Julia Cirino,Ana Julia Cirino,946.583.170-01,30/01/1975,Almenara,M,Brasileiro(a),16/03/2027
Lara Silva,Lara Silva,721.039.684-50,19/01/1961,Porto Seguro,M,Brasileiro(a),10/06/2029
Sra. Yasmin Novais,Sra. Yasmin Novais,671.940.238-22,24/04/1960,Sao Paulo,F,Brasileiro(a),09/06/2032
Gabriela Andrade,Gabriela Andrade,825.693.071-30,01/12/1967,Pedra Grande,M,Brasileiro(a),04/08/2029
Srta. Rebeca Melo,Srta. Rebeca Melo,504.196.328-24,25/12/1976,Porto Seguro,M,Brasileiro(a),23/08/2033
Cecilia Aragao,Cecilia Aragao,698.312.705-68,08/11/2004,Almenara,F,Brasileiro(a),30/11/2030
Ian Vargas,Ian Vargas,270.538.916-40,24/11/1997,Sao Paulo,M,Brasileiro(a),19/09/2027
Calebe Mendonca,Calebe Mendonca,365.420.198-98,02/10/2004,Sao Paulo,F,Brasileiro(a),11/02/2033
Arthur Miguel Peixoto,Arthur Miguel Peixoto,615.984.307-93,28/02/1954,Arinos,F,Brasileiro(a),11/12/2030
Dra. Maysa Ramos,Dra. Maysa Ramos,384.591.072-05,24/03/1977,Belo Horizonte,F,Brasileiro(a),04/05/2033
Dr. Josue Nogueira,Dr. Josue Nogueira,957.423.610-25,07/05/1955,Belo Horizonte,M,Brasileiro(a),11/01/2029
Bernardo Pastor,Bernardo Pastor,853.479.160-01,08/04/1999,Sao Paulo,M,Brasileiro(a),26/06/2032
Pedro Lucas Monteiro,Pedro Lucas Monteiro,973.580.214-79,05/03/1994,Sao Paulo,M,Brasileiro(a),08/12/2034
Dra. Maysa da Rocha,Dra. Maysa da Rocha,436.908.715-57,15/10/1986,Pedra Grande,F,Brasileiro(a),01/01/2034
Alicia Nascimento,Alicia Nascimento,943.572.168-00,05/10/1981,Belo Horizonte,F,Brasileiro(a),24/06/2033
Dr. Caleb Camargo,Dr. Caleb Camargo,326.490.785-29,03/06/1956,Almenara,F,Brasileiro(a),21/11/2029
Sra. Rebeca Pereira,Sra. Rebeca Pereira,852.609.137-95,15/09/2005,Rugim,M,Brasileiro(a),29/11/2030
Olivia Fonseca,Olivia Fonseca,652.870.419-85,27/10/1978,Pedra Grande,M,Brasileiro(a),26/11/2032
Isis Caldeira,Isis Caldeira,253.761.904-80,18/11/1992,Arinos,M,Brasileiro(a),09/12/2028
Valentim Cunha,Valentim Cunha,861.270.934-22,15/03/1986,Belo Horizonte,F,Brasileiro(a),14/04/2030
Maria Vitoria Costela,Maria Vitoria Costela,654.089.312-42,02/04/1990,Almenara,F,Brasileiro(a),08/10/2035
Dr. Thomas Fogaca,Dr. Thomas Fogaca,214.907.568-76,05/02/1987,Rugim,F,Brasileiro(a),05/03/2031
Luiz Felipe Vargas,Luiz Felipe Vargas,162.743.089-03,11/06/1991,Sao Paulo,M,Brasileiro(a),15/07/2028
Sr. Henry Alves,Sr. Henry Alves,953.714.860-20,22/07/1978,Rugim,M,Brasileiro(a),31/03/2029
Emilly Aragao,Emilly Aragao,675.023.184-53,03/07/1998,Belo Horizonte,M,Brasileiro(a),02/03/2034
Bernardo Carvalho,Bernardo Carvalho,950.243.867-10,11/03/1984,Belo Horizonte,F,Brasileiro(a),30/06/2027
Pedro Miguel Goncalves,Pedro Miguel Goncalves,036.948.751-66,03/02/1973,Sao Paulo,M,Brasileiro(a),29/01/2033
Samuel Moura,Samuel Moura,641.380.279-04,07/05/1989,Pedra Grande,M,Brasileiro(a),29/06/2027
Calebe Costela,Calebe Costela,965.240.187-02,08/09/1993,Belo Horizonte,M,Brasileiro(a),22/10/2033
Daniela Rodrigues,Daniela Rodrigues,596.432.817-28,14/12/1968,Porto Seguro,F,Brasileiro(a),06/11/2030
Guilherme Monteiro,Guilherme Monteiro,371.269.850-02,26/12/2005,Pedra Grande,M,Brasileiro(a),05/05/2033
Gustavo Henrique Pimenta,Gustavo Henrique Pimenta,512.964.830-70,26/08/1987,Porto Seguro,F,Brasileiro(a),14/05/2033
Bruno da Cruz,Bruno da Cruz,312.605.894-98,02/05/2005,Belo Horizonte,F,Brasileiro(a),23/10/2031
Leo Oliveira,Leo Oliveira,579.302.684-38,15/03/1958,Arinos,F,Brasileiro(a),29/03/2035
Felipe Porto,Felipe Porto,852.346.719-09,03/09/1958,Almenara,M,Brasileiro(a),04/02/2027
Theodoro Monteiro,Theodoro Monteiro,756.431.028-62,10/06/1953,Rugim,F,Brasileiro(a),10/02/2028
Melina Nunes,Melina Nunes,052.817.369-30,26/09/1983,Almenara,M,Brasileiro(a),19/09/2034
Sra. Ana Cecilia Vieira,Sra. Ana Cecilia Vieira,920.571.468-20,20/04/1955,Porto Seguro,M,Brasileiro(a),21/10/2035
Luiz Fernando Pimenta,Luiz Fernando Pimenta,196.035.248-24,25/02/1945,Pedra Grande,F,Brasileiro(a),23/05/2031
Joana Pastor,Joana Pastor,386.279.051-77,21/10/2005,Almenara,F,Brasileiro(a),12/06/2028
Manuela da Paz,Manuela da Paz,593.476.180-39,07/08/1960,Rugim,M,Brasileiro(a),28/02/2027
Amanda Novaes,Amanda Novaes,216.403.597-61,04/05/2000,Almenara,M,Brasileiro(a),09/03/2034
Gael Henrique da Cunha,Gael Henrique da Cunha,349.586.702-38,14/10/1970,Almenara,M,Brasileiro(a),08/05/2033
Sr. Augusto Araujo,Sr. Augusto Araujo,570.869.324-00,28/07/1958,Porto Seguro,M,Brasileiro(a),29/12/2028
Luiz Gustavo Santos,Luiz Gustavo Santos,387.956.021-86,26/07/1985,Porto Seguro,F,Brasileiro(a),22/04/2032
Arthur Cunha,Arthur Cunha,793.160.258-77,18/03/1959,Arinos,F,Brasileiro(a),24/03/2032
Noah Andrade,Noah Andrade,437.025.168-08,26/05/1994,Arinos,F,Brasileiro(a),01/11/2031
Ayla Pastor,Ayla Pastor,592.061.847-76,14/01/1962,Arinos,M,Brasileiro(a),19/02/2034
Alice Aragao,Alice Aragao,706.329.851-86,09/03/1958,Belo Horizonte,F,Brasileiro(a),12/05/2030
Yuri Dias,Yuri Dias,023.796.514-34,29/06/1977,Almenara,M,Brasileiro(a),02/12/2028
Natalia Brito,Natalia Brito,769.302.418-22,13/07/1975,Arinos,M,Brasileiro(a),27/03/2035
Mathias Nunes,Mathias Nunes,751.498.036-93,18/10/1974,Pedra Grande,F,Brasileiro(a),06/06/2028
Camila Fernandes,Camila Fernandes,964.870.532-10,21/04/1989,Pedra Grande,M,Brasileiro(a),11/02/2034
Murilo Pinto,Murilo Pinto,687.351.294-09,11/01/1998,Rugim,F,Brasileiro(a),26/11/2034
Antony Fogaca,Antony Fogaca,487.125.309-05,09/05/2005,Pedra Grande,F,Brasileiro(a),12/01/2033
Eloah Ramos,Eloah Ramos,196.038.257-86,17/04/1999,Almenara,F,Brasileiro(a),01/04/2032
Luana Sampaio,Luana Sampaio,783.509.264-65,24/08/1994,Almenara,M,Brasileiro(a),17/02/2027
Valentim Gomes,Valentim Gomes,249.653.180-05,14/06/1971,Rugim,M,Brasileiro(a),05/01/2032
Rael Cavalcante,Rael Cavalcante,972.806.531-03,07/05/2003,Belo Horizonte,F,Brasileiro(a),28/06/2032
Igor Rezende,Igor Rezende,098.372.164-50,29/09/1952,Sao Paulo,F,Brasileiro(a),15/06/2033
Dra. Maria Sophia Sampaio,Dra. Maria Sophia Sampaio,437.829.651-91,01/05/1968,Porto Seguro,M,Brasileiro(a),16/10/2032
Sr. Vinicius Alves,Sr. Vinicius Alves,823.597.461-46,13/12/1990,Rugim,M,Brasileiro(a),08/07/2027
Marcos Vinicius Sampaio,Marcos Vinicius Sampaio,089.145.326-15,26/05/2001,Rugim,F,Brasileiro(a),25/11/2034
Heloisa Fonseca,Heloisa Fonseca,507.169.438-75,05/12/1969,Almenara,F,Brasileiro(a),24/07/2033
Sra. Maria Luiza Farias,Sra. Maria Luiza Farias,610.432.578-53,01/09/1993,Rugim,F,Brasileiro(a),28/09/2028
Augusto Lopes,Augusto Lopes,709.328.516-30,01/11/1961,Porto Seguro,M,Brasileiro(a),27/05/2032
Arthur Miguel Monteiro,Arthur Miguel Monteiro,193.870.465-75,20/12/1986,Arinos,M,Brasileiro(a),15/02/2030
Henry Souza,Henry Souza,834.210.965-89,22/03/1973,Rugim,M,Brasileiro(a),22/03/2032
Ravi Lucca Siqueira,Ravi Lucca Siqueira,230.416.895-70,14/07/1987,Porto Seguro,M,Brasileiro(a),08/11/2035
Asafe Jesus,Asafe Jesus,320.916.857-12,12/03/1981,Porto Seguro,F,Brasileiro(a),22/05/2027
Ana Liz Almeida,Ana Liz Almeida,583.126.407-62,21/06/1986,Pedra Grande,F,Brasileiro(a),12/05/2032
Enzo Gabriel Jesus,Enzo Gabriel Jesus,036.987.451-00,26/02/1991,Porto Seguro,M,Brasileiro(a),29/10/2028
Joaquim Abreu,Joaquim Abreu,186.307.924-69,11/12/1983,Sao Paulo,F,Brasileiro(a),14/03/2034
Antonella Gomes,Antonella Gomes,098.736.254-29,09/08/1988,Belo Horizonte,M,Brasileiro(a),23/03/2034
Davi Lucas Rezende,Davi Lucas Rezende,416.832.975-55,09/02/1960,Almenara,M,Brasileiro(a),16/12/2027
Dra. Maria Cecilia Fogaca,Dra. Maria Cecilia Fogaca,089.371.524-79,14/05/1962,Belo Horizonte,M,Brasileiro(a),07/06/2028
Lais Pacheco,Lais Pacheco,497.681.325-82,06/10/2000,Belo Horizonte,F,Brasileiro(a),14/03/2029
Davi Lucas das Neves,Davi Lucas das Neves,325.081.649-33,20/03/1966,Sao Paulo,M,Brasileiro(a),05/06/2030
Eloah Freitas,Eloah Freitas,756.839.401-84,30/11/1956,Sao Paulo,F,Brasileiro(a),13/12/2027
Mariane Sales,Mariane Sales,493.758.016-75,25/08/1980,Porto Seguro,M,Brasileiro(a),03/10/2028
Marcos Vinicius Novais,Marcos Vinicius Novais,526.730.489-10,24/10/1988,Sao Paulo,M,Brasileiro(a),23/02/2035
Helena Correia,Helena Correia,613.208.547-53,23/10/1990,Belo Horizonte,F,Brasileiro(a),06/06/2027
Leandro Melo,Leandro Melo,235.748.096-38,16/06/1992,Belo Horizonte,M,Brasileiro(a),02/11/2031
Bento Montenegro,Bento Montenegro,360.574.982-83,29/03/2000,Porto Seguro,F,Brasileiro(a),04/07/2028
Dr. Pedro Lucas Carvalho,Dr. Pedro Lucas Carvalho,946.038.752-74,10/02/1992,Porto Seguro,M,Brasileiro(a),21/07/2030
Luiz Miguel da Rosa,Luiz Miguel da Rosa,049.136.825-98,22/12/1948,Porto Seguro,F,Brasileiro(a),16/12/2028
Ana Julia da Paz,Ana Julia da Paz,319.285.706-40,01/01/1990,Rugim,M,Brasileiro(a),17/10/2027
Ravi Lucca Pereira,Ravi Lucca Pereira,984.625.130-06,20/11/1965,Almenara,F,Brasileiro(a),10/02/2035
Rhavi Camara,Rhavi Camara,683.945.207-74,31/12/1959,Arinos,M,Brasileiro(a),22/03/2029
Sr. Henry Abreu,Sr. Henry Abreu,687.594.301-84,11/07/1979,Pedra Grande,M,Brasileiro(a),29/03/2034
Hellena Fonseca,Hellena Fonseca,208.531.764-26,03/01/1970,Sao Paulo,F,Brasileiro(a),07/11/2030
Srta. Laura Mendonca,Srta. Laura Mendonca,679.148.320-22,07/11/2005,Rugim,M,Brasileiro(a),07/01/2035
Isaque Vargas,Isaque Vargas,749.508.126-02,04/04/1945,Rugim,F,Brasileiro(a),09/01/2032
Dra. Emanuelly Cirino,Dra. Emanuelly Cirino,263.107.945-07,23/03/1976,Sao Paulo,M,Brasileiro(a),24/06/2029
Enrico Jesus,Enrico Jesus,137.924.056-52,19/07/1972,Almenara,M,Brasileiro(a),01/02/2029
Juan Pastor,Juan Pastor,946.137.058-00,13/07/1972,Pedra Grande,M,Brasileiro(a),17/05/2031
Enrico Barros,Enrico Barros,297.136.845-91,24/04/1986,Arinos,M,Brasileiro(a),02/03/2034
Dra. Stephany Araujo,Dra. Stephany Araujo,602.835.419-89,04/04/1996,Pedra Grande,F,Brasileiro(a),23/01/2029
Arthur Gabriel da Costa,Arthur Gabriel da Costa,489.365.271-00,06/07/1969,Pedra Grande,F,Brasileiro(a),18/06/2031
Joana Fernandes,Joana Fernandes,962.147.850-20,17/10/1981,Belo Horizonte,F,Brasileiro(a),14/01/2034
Sophia Cavalcanti,Sophia Cavalcanti,167.248.935-00,01/03/2007,Porto Seguro,M,Brasileiro(a),06/06/2027
Dr. Jose Miguel Martins,Dr. Jose Miguel Martins,341.075.982-41,19/05/1966,Arinos,F,Brasileiro(a),09/05/2030
Lara Almeida,Lara Almeida,158.294.370-23,30/03/1961,Pedra Grande,F,Brasileiro(a),30/09/2035
Bryan Alves,Bryan Alves,569.830.421-15,22/07/1975,Sao Paulo,F,Brasileiro(a),26/03/2035
Sr. Enrico Borges,Sr. Enrico Borges,219.640.578-76,19/07/1962,Belo Horizonte,M,Brasileiro(a),22/11/2033
Sra. Manuela Nunes,Sra. Manuela Nunes,349.518.267-55,09/11/1971,Sao Paulo,M,Brasileiro(a),29/09/2035
Sr. Henry Garcia,Sr. Henry Garcia,815.293.740-14,09/12/1982,Pedra Grande,M,Brasileiro(a),11/04/2030
Sophia Siqueira,Sophia Siqueira,542.106.987-76,29/12/1984,Almenara,M,Brasileiro(a),09/09/2028
Davi Garcia,Davi Garcia,345.870.961-48,05/11/1979,Almenara,F,Brasileiro(a),25/03/2035
Ana Livia Campos,Ana Livia Campos,873.410.296-50,26/06/1947,Belo Horizonte,F,Brasileiro(a),21/08/2035
Srta. Maite Moreira,Srta. Maite Moreira,719.306.482-78,20/12/1984,Sao Paulo,F,Brasileiro(a),05/01/2034
Yasmin Ramos,Yasmin Ramos,183.045.792-60,14/05/1955,Almenara,M,Brasileiro(a),03/11/2028
Caroline Pinto,Caroline Pinto,361.598.470-66,11/10/1951,Sao Paulo,F,Brasileiro(a),22/01/2027
Brayan Vargas,Brayan Vargas,298.105.763-40,02/01/1988,Rugim,M,Brasileiro(a),07/02/2032
Giovanna Nascimento,Giovanna Nascimento,927.841.065-94,05/08/1947,Belo Horizonte,M,Brasileiro(a),21/03/2027
Davi Lucas Novais,Davi Lucas Novais,742.053.691-07,16/01/1999,Pedra Grande,M,Brasileiro(a),13/04/2033
Lucas Gabriel Pires,Lucas Gabriel Pires,215.347.869-37,07/11/1946,Arinos,M,Brasileiro(a),10/01/2033
Nathan Mendonca,Nathan Mendonca,049.365.128-42,14/06/1967,Sao Paulo,M,Brasileiro(a),29/08/2028
Eduarda da Conceicao,Eduarda da Conceicao,209.351.784-14,21/09/1946,Almenara,F,Brasileiro(a),28/07/2032
Dr. Raul Gomes,Dr. Raul Gomes,634.179.258-19,03/12/1990,Belo Horizonte,M,Brasileiro(a),02/08/2033
Daniela Pacheco,Daniela Pacheco,703.642.915-16,07/04/1953,Arinos,M,Brasileiro(a),25/05/2033
Arthur Miguel Nascimento,Arthur Miguel Nascimento,207.914.536-34,26/01/1963,Belo Horizonte,M,Brasileiro(a),27/04/2034
Nathan Albuquerque,Nathan Albuquerque,716.328.504-35,31/08/1964,Pedra Grande,M,Brasileiro(a),24/03/2030
Luisa Moura,Luisa Moura,927.130.548-50,19/01/1990,Rugim,F,Brasileiro(a),26/08/2030
Andre Costa,Andre Costa,685.124.390-33,16/09/1953,Rugim,M,Brasileiro(a),16/07/2034
Luana Siqueira,Luana Siqueira,835.672.941-64,29/11/1987,Rugim,F,Brasileiro(a),22/05/2032
Paulo Macedo,Paulo Macedo,618.904.752-11,28/05/1995,Sao Paulo,M,Brasileiro(a),23/01/2030
Manuela Cirino,Manuela Cirino,284.679.350-65,07/03/1955,Belo Horizonte,F,Brasileiro(a),25/01/2027
Joao Lucas da Costa,Joao Lucas da Costa,910.786.325-02,21/11/1994,Arinos,F,Brasileiro(a),11/09/2034
Isabella Fonseca,Isabella Fonseca,895.340.162-33,12/02/1958,Sao Paulo,M,Brasileiro(a),10/10/2032
Lucas Cassiano,Lucas Cassiano,072.693.485-29,09/09/1983,Porto Seguro,M,Brasileiro(a),12/02/2029
Srta. Leticia Santos,Srta. Leticia Santos,748.391.052-60,24/03/2001,Porto Seguro,M,Brasileiro(a),05/04/2029
Lucas Novais,Lucas Novais,138.495.076-10,24/02/1979,Almenara,M,Brasileiro(a),21/09/2030
Maria Clara Costela,Maria Clara Costela,201.486.935-98,13/09/1955,Porto Seguro,M,Brasileiro(a),28/08/2035
Dra. Agatha Fernandes,Dra. Agatha Fernandes,379.580.216-40,03/10/1998,Sao Paulo,M,Brasileiro(a),12/12/2030
Dra. Julia da Mota,Dra. Julia da Mota,801.536.749-20,19/08/2006,Rugim,M,Brasileiro(a),29/09/2027
Vicente Oliveira,Vicente Oliveira,680.197.532-30,09/08/1986,Belo Horizonte,M,Brasileiro(a),18/08/2035
Lucca Pacheco,Lucca Pacheco,794.162.058-85,24/10/1997,Pedra Grande,F,Brasileiro(a),25/09/2035
Sra. Kamilly Silveira,Sra. Kamilly Silveira,136.804.795-57,24/09/1945,Arinos,M,Brasileiro(a),24/01/2030
Davi Lucas Novais,Davi Lucas Novais,014.768.235-53,21/07/1966,Belo Horizonte,F,Brasileiro(a),14/01/2034
Sra. Ana Julia Pastor,Sra. Ana Julia Pastor,248.705.693-29,24/03/1999,Almenara,F,Brasileiro(a),02/06/2027
Dom Dias,Dom Dias,941.703.628-96,18/02/2006,Sao Paulo,F,Brasileiro(a),24/09/2029
Lais da Luz,Lais da Luz,812.540.976-94,24/12/1985,Arinos,M,Brasileiro(a),27/04/2035
Levi Nunes,Levi Nunes,473.258.069-65,04/08/1946,Belo Horizonte,F,Brasileiro(a),29/05/2030
Dr. Breno Machado,Dr. Breno Machado,865.370.421-35,07/09/1986,Porto Seguro,F,Brasileiro(a),04/01/2028
Caua Correia,Caua Correia,948.372.105-97,17/05/1984,Porto Seguro,F,Brasileiro(a),17/10/2030
Diogo Macedo,Diogo Macedo,951.406.872-67,17/01/1991,Pedra Grande,F,Brasileiro(a),01/05/2034
Igor Porto,Igor Porto,987.631.542-00,12/01/1997,Arinos,M,Brasileiro(a),27/11/2030
Maria Cunha,Maria Cunha,657.813.402-62,08/03/1972,Sao Paulo,F,Brasileiro(a),10/09/2032
Carolina Monteiro,Carolina Monteiro,016.234.978-50,20/05/1980,Pedra Grande,F,Brasileiro(a),13/03/2033
Cecilia Abreu,Cecilia Abreu,390.418.275-79,31/12/1982,Pedra Grande,M,Brasileiro(a),10/10/2034
Joao Miguel Casa Grande,Joao Miguel Casa Grande,102.378.564-17,09/10/2006,Rugim,M,Brasileiro(a),03/10/2031
Ayla Mendes,Ayla Mendes,503.917.628-77,26/05/1964,Arinos,F,Brasileiro(a),10/03/2031
Maria Liz Nogueira,Maria Liz Nogueira,264.918.705-02,01/02/1992,Pedra Grande,M,Brasileiro(a),30/06/2030
Dra. Olivia Sampaio,Dra. Olivia Sampaio,918.530.472-79,10/07/1985,Sao Paulo,M,Brasileiro(a),30/04/2027
Maria Ribeiro,Maria Ribeiro,103.927.648-22,29/02/1996,Almenara,M,Brasileiro(a),05/08/2034
Davi Lucas Abreu,Davi Lucas Abreu,960.284.153-24,28/05/1950,Belo Horizonte,M,Brasileiro(a),04/07/2032
Barbara Casa Grande,Barbara Casa Grande,049.581.726-02,04/03/1988,Belo Horizonte,F,Brasileiro(a),29/12/2029
Pedro Henrique Lopes,Pedro Henrique Lopes,731.568.409-39,24/11/1981,Porto Seguro,F,Brasileiro(a),17/12/2026
Bernardo Sales,Bernardo Sales,803.249.756-00,18/06/2004,Porto Seguro,M,Brasileiro(a),17/05/2030
Dra. Sofia Marques,Dra. Sofia Marques,315.496.827-09,21/09/1953,Arinos,M,Brasileiro(a),17/06/2035
Sra. Isadora Viana,Sra. Isadora Viana,897.623.014-04,09/06/1969,Sao Paulo,M,Brasileiro(a),02/06/2032
Arthur Gabriel Novais,Arthur Gabriel Novais,268.094.571-94,16/12/2004,Rugim,F,Brasileiro(a),07/02/2030
Maria Flor Garcia,Maria Flor Garcia,342.075.961-43,08/02/1977,Porto Seguro,M,Brasileiro(a),24/06/2034
Cecilia Goncalves,Cecilia Goncalves,598.026.731-02,31/03/1991,Almenara,M,Brasileiro(a),10/01/2027
Luiz Gustavo da Rosa,Luiz Gustavo da Rosa,750.982.613-68,01/10/1958,Rugim,M,Brasileiro(a),11/01/2029
Clarice Fonseca,Clarice Fonseca,845.726.309-92,06/04/1997,Porto Seguro,F,Brasileiro(a),05/07/2031
Dra. Gabriela Albuquerque,Dra. Gabriela Albuquerque,987.564.031-00,22/07/1986,Belo Horizonte,M,Brasileiro(a),15/07/2033
Dra. Ana Clara da Cruz,Dra. Ana Clara da Cruz,190.328.647-69,20/10/1994,Belo Horizonte,F,Brasileiro(a),10/11/2034
Yasmin Castro,Yasmin Castro,796.310.245-80,06/02/1974,Rugim,F,Brasileiro(a),23/03/2029
Srta. Nina Lopes,Srta. Nina Lopes,508.476.139-84,15/09/1979,Pedra Grande,M,Brasileiro(a),26/07/2035
Jade Goncalves,Jade Goncalves,691.057.823-68,18/04/1990,Porto Seguro,M,Brasileiro(a),14/04/2030
Livia Montenegro,Livia Montenegro,743.618.209-96,11/05/1969,Arinos,F,Brasileiro(a),05/07/2032
Gael da Rosa,Gael da Rosa,290.765.314-80,17/12/1959,Almenara,M,Brasileiro(a),11/11/2029
Sra. Lavinia Farias,Sra. Lavinia Farias,072.413.695-99,07/04/1963,Sao Paulo,M,Brasileiro(a),17/02/2028
Luna Mendes,Luna Mendes,356.792.410-99,28/05/1980,Pedra Grande,F,Brasileiro(a),26/12/2031
Benjamim da Paz,Benjamim da Paz,829.407.536-10,08/10/1986,Sao Paulo,M,Brasileiro(a),06/11/2029
Pedro Miguel Nogueira,Pedro Miguel Nogueira,367.912.485-64,08/07/1968,Pedra Grande,M,Brasileiro(a),21/02/2032
Melissa Albuquerque,Melissa Albuquerque,719.320.854-32,15/07/1985,Pedra Grande,F,Brasileiro(a),26/08/2027
Sr. Thiago Rios,Sr. Thiago Rios,906.318.547-20,15/09/1969,Belo Horizonte,F,Brasileiro(a),22/04/2031
Dr. Apollo Leao,Dr. Apollo Leao,965.071.243-70,31/01/1965,Arinos,M,Brasileiro(a),10/05/2029
Jade Oliveira,Jade Oliveira,710.234.968-87,29/04/2004,Arinos,M,Brasileiro(a),14/10/2033
Isadora Martins,Isadora Martins,307.912.458-88,07/05/1978,Almenara,M,Brasileiro(a),07/02/2031
Isabel Cirino,Isabel Cirino,148.935.726-28,02/07/1991,Sao Paulo,M,Brasileiro(a),01/09/2033
Joao Cirino,Joao Cirino,507.196.243-80,08/04/2004,Sao Paulo,F,Brasileiro(a),10/09/2033
Kamilly Araujo,Kamilly Araujo,658.092.371-77,18/03/2005,Sao Paulo,M,Brasileiro(a),12/11/2029
Ana Cecilia Monteiro,Ana Cecilia Monteiro,063.894.521-60,11/06/1991,Porto Seguro,F,Brasileiro(a),22/04/2032
Larissa Pacheco,Larissa Pacheco,835.674.091-66,29/04/1990,Rugim,M,Brasileiro(a),19/09/2032
Pietra Novais,Pietra Novais,567.348.021-08,04/06/1962,Pedra Grande,F,Brasileiro(a),14/03/2034
Mariana Aparecida,Mariana Aparecida,812.956.073-95,30/08/1994,Arinos,M,Brasileiro(a),16/04/2033
Clara Guerra,Clara Guerra,093.684.271-78,12/02/1970,Almenara,F,Brasileiro(a),26/06/2033
Manuela da Mata,Manuela da Mata,386.590.421-15,14/12/1965,Pedra Grande,M,Brasileiro(a),14/05/2033
Maria Eduarda Duarte,Maria Eduarda Duarte,827.391.450-04,11/09/1952,Pedra Grande,F,Brasileiro(a),15/02/2031
Anthony Gabriel Lima,Anthony Gabriel Lima,961.082.534-60,15/09/1949,Pedra Grande,F,Brasileiro(a),17/05/2029
Dra. Mariane Carvalho,Dra. Mariane Carvalho,324.598.076-00,01/03/1992,Pedra Grande,F,Brasileiro(a),25/11/2026
Luigi Dias,Luigi Dias,594.267.130-34,16/03/2004,Rugim,M,Brasileiro(a),12/05/2031
Lais Casa Grande,Lais Casa Grande,978.610.342-40,31/05/1951,Belo Horizonte,M,Brasileiro(a),28/02/2030
Renan da Rosa,Renan da Rosa,702.961.435-61,27/02/1980,Sao Paulo,F,Brasileiro(a),07/08/2031
Emilly Teixeira,Emilly Teixeira,163.809.574-48,20/03/1972,Pedra Grande,M,Brasileiro(a),08/10/2033
Vitor Gabriel Costela,Vitor Gabriel Costela,581.634.207-07,11/04/1989,Sao Paulo,F,Brasileiro(a),12/03/2029
Sra. Carolina Fernandes,Sra. Carolina Fernandes,817.064.932-31,19/08/1952,Rugim,F,Brasileiro(a),07/05/2034
Valentim Cavalcante,Valentim Cavalcante,739.542.108-60,12/07/1960,Rugim,M,Brasileiro(a),20/06/2035
Sra. Olivia Casa Grande,Sra. Olivia Casa Grande,173.685.204-35,27/07/2006,Belo Horizonte,M,Brasileiro(a),20/09/2034
Davi Lucca Fonseca,Davi Lucca Fonseca,608.395.417-75,13/07/1992,Porto Seguro,M,Brasileiro(a),05/07/2032
Alice Alves,Alice Alves,873.524.609-00,01/01/2000,Arinos,F,Brasileiro(a),14/11/2028
Pedro Henrique Mendonca,Pedro Henrique Mendonca,594.021.836-98,31/01/1950,Belo Horizonte,F,Brasileiro(a),14/03/2032
Maria Moura,Maria Moura,501.627.984-58,21/07/1954,Pedra Grande,M,Brasileiro(a),03/08/2034
Gael Correia,Gael Correia,536.918.047-48,08/02/1991,Arinos,M,Brasileiro(a),03/12/2028
Lucca Nascimento,Lucca Nascimento,853.247.190-05,07/08/1988,Arinos,M,Brasileiro(a),29/05/2033
Antonella Rocha,Antonella Rocha,853.970.641-57,29/01/1991,Arinos,F,Brasileiro(a),20/07/2028
Arthur Gabriel Pires,Arthur Gabriel Pires,061.239.874-96,27/04/1997,Belo Horizonte,M,Brasileiro(a),29/08/2034
Isabela Ribeiro,Isabela Ribeiro,139.652.807-59,10/04/1970,Porto Seguro,F,Brasileiro(a),02/07/2034
Ryan da Rosa,Ryan da Rosa,348.695.217-09,19/03/1962,Rugim,F,Brasileiro(a),31/05/2030
Ana Vitoria Rios,Ana Vitoria Rios,365.784.012-53,27/05/1958,Pedra Grande,F,Brasileiro(a),02/08/2028
Anthony Lopes,Anthony Lopes,983.105.246-33,10/07/1955,Sao Paulo,F,Brasileiro(a),23/06/2029
Maria Luisa Sa,Maria Luisa Sa,738.904.526-47,31/05/1968,Porto Seguro,F,Brasileiro(a),10/06/2029
Antonella da Luz,Antonella da Luz,798.561.324-28,03/07/1982,Sao Paulo,F,Brasileiro(a),05/04/2035
Murilo Pacheco,Murilo Pacheco,154.068.297-85,09/10/1962,Sao Paulo,M,Brasileiro(a),18/06/2028
Juan Guerra,Juan Guerra,371.059.624-61,18/11/1980,Almenara,F,Brasileiro(a),22/03/2027
Dra. Brenda Ribeiro,Dra. Brenda Ribeiro,218.745.096-11,27/11/2002,Almenara,M,Brasileiro(a),03/09/2027
Maria Luiza Vasconcelos,Maria Luiza Vasconcelos,746.281.590-76,19/01/2003,Rugim,M,Brasileiro(a),01/06/2031
Sra. Maria Helena Cassiano,Sra. Maria Helena Cassiano,372.498.051-50,10/08/1998,Almenara,M,Brasileiro(a),20/10/2034
Ian Porto,Ian Porto,586.423.790-65,14/04/1994,Almenara,M,Brasileiro(a),30/01/2035
Larissa da Mata,Larissa da Mata,579.843.216-55,23/11/1995,Almenara,M,Brasileiro(a),11/04/2033
Maria Luiza Abreu,Maria Luiza Abreu,701.643.598-93,06/03/1957,Almenara,F,Brasileiro(a),28/08/2032
Caroline Rodrigues,Caroline Rodrigues,592.031.846-51,25/11/1983,Arinos,F,Brasileiro(a),29/02/2028
Lavinia Lima,Lavinia Lima,784.205.139-97,02/08/1961,Porto Seguro,M,Brasileiro(a),20/07/2035
Gabriel Santos,Gabriel Santos,964.273.581-46,15/12/1955,Belo Horizonte,M,Brasileiro(a),19/07/2030
Evelyn Cardoso,Evelyn Cardoso,607.925.413-16,08/07/1980,Sao Paulo,F,Brasileiro(a),11/02/2030
Manuella das Neves,Manuella das Neves,957.634.108-66,14/06/1961,Sao Paulo,F,Brasileiro(a),13/01/2034
Vinicius da Luz,Vinicius da Luz,410.857.296-30,02/03/2007,Porto Seguro,M,Brasileiro(a),14/12/2034
Rael Montenegro,Rael Montenegro,216.357.098-30,06/12/2006,Belo Horizonte,F,Brasileiro(a),17/05/2034
Caio Pimenta,Caio Pimenta,645.731.082-62,29/04/1992,Pedra Grande,F,Brasileiro(a),10/04/2027
Joao Guilherme Pastor,Joao Guilherme Pastor,978.201.356-03,27/12/1947,Sao Paulo,F,Brasileiro(a),12/08/2030
Igor Pinto,Igor Pinto,897.250.136-03,08/12/1978,Rugim,M,Brasileiro(a),03/01/2034
Ana Sophia Farias,Ana Sophia Farias,794.603.258-74,24/04/1972,Almenara,M,Brasileiro(a),09/03/2031
Laura Cassiano,Laura Cassiano,463.578.192-55,23/10/1971,Belo Horizonte,M,Brasileiro(a),17/05/2035
Joao Guilherme Goncalves,Joao Guilherme Goncalves,305.278.146-44,25/12/1984,Belo Horizonte,M,Brasileiro(a),15/06/2027
Bruna da Conceicao,Bruna da Conceicao,690.142.387-03,28/11/1959,Belo Horizonte,M,Brasileiro(a),19/06/2030
Aurora Moreira,Aurora Moreira,709.851.436-57,17/09/2007,Rugim,F,Brasileiro(a),06/02/2031
Srta. Sarah Novaes,Srta. Sarah Novaes,018.624.357-07,26/01/1965,Rugim,M,Brasileiro(a),11/11/2027
Dr. Luan Teixeira,Dr. Luan Teixeira,802.345.679-29,14/07/1978,Rugim,M,Brasileiro(a),23/08/2027
Maria Liz Nogueira,Maria Liz Nogueira,147.926.805-49,02/09/2004,Belo Horizonte,F,Brasileiro(a),06/11/2027
Dr. Lucca Cavalcanti,Dr. Lucca Cavalcanti,234.786.015-17,17/08/1990,Arinos,F,Brasileiro(a),31/05/2035
Theo Rocha,Theo Rocha,072.584.316-08,09/02/1986,Rugim,F,Brasileiro(a),18/06/2035
Bruna Lopes,Bruna Lopes,803.752.649-65,18/04/2001,Arinos,F,Brasileiro(a),20/03/2035
Thales Camara,Thales Camara,395.601.784-66,06/05/1993,Rugim,M,Brasileiro(a),01/12/2026
Ana Julia da Paz,Ana Julia da Paz,053.268.147-90,27/10/1984,Sao Paulo,M,Brasileiro(a),21/02/2030
Fernanda Duarte,Fernanda Duarte,368.705.419-57,30/03/1966,Belo Horizonte,F,Brasileiro(a),28/04/2034
Dra. Zoe Nunes,Dra. Zoe Nunes,486.507.219-58,02/04/1950,Porto Seguro,M,Brasileiro(a),27/02/2033
Laura Correia,Laura Correia,042.396.815-70,13/09/1988,Porto Seguro,M,Brasileiro(a),24/12/2026
Jose Pastor,Jose Pastor,891.423.076-78,25/05/1999,Belo Horizonte,M,Brasileiro(a),18/09/2027
Calebe Brito,Calebe Brito,285.074.391-79,18/09/2003,Belo Horizonte,F,Brasileiro(a),25/07/2032
Dr. Davi Miguel Nascimento,Dr. Davi Miguel Nascimento,961.834.725-73,20/09/1993,Pedra Grande,M,Brasileiro(a),11/01/2032
Mateus Ferreira,Mateus Ferreira,982.601.453-24,29/08/1976,Sao Paulo,M,Brasileiro(a),10/11/2033
Joao Felipe Sousa,Joao Felipe Sousa,508.943.716-57,23/11/1950,Almenara,M,Brasileiro(a),09/12/2026
Maria Pimenta,Maria Pimenta,562.709.148-76,07/02/1989,Porto Seguro,M,Brasileiro(a),24/03/2027
Maria Luiza das Neves,Maria Luiza das Neves,620.581.793-40,19/08/1978,Almenara,F,Brasileiro(a),08/04/2027
Beatriz Moraes,Beatriz Moraes,317.054.289-32,17/04/1989,Sao Paulo,F,Brasileiro(a),12/07/2031
Eloah Lopes,Eloah Lopes,801.975.624-85,11/04/1978,Arinos,M,Brasileiro(a),15/10/2032
Diogo Leao,Diogo Leao,867.923.450-83,21/03/1957,Belo Horizonte,M,Brasileiro(a),16/02/2027
Laura Cavalcanti,Laura Cavalcanti,638.925.047-92,02/05/1995,Rugim,F,Brasileiro(a),10/03/2028
Emilly Barbosa,Emilly Barbosa,793.641.528-91,04/10/1987,Belo Horizonte,F,Brasileiro(a),28/12/2027
Clarice Aparecida,Clarice Aparecida,935.784.106-75,15/11/1979,Pedra Grande,M,Brasileiro(a),12/01/2027
Aurora Vieira,Aurora Vieira,872.691.403-40,24/10/1951,Belo Horizonte,M,Brasileiro(a),26/05/2033
Yuri Sa,Yuri Sa,349.750.812-88,02/11/2000,Pedra Grande,M,Brasileiro(a),26/05/2029
Natalia Fonseca,Natalia Fonseca,648.591.072-76,27/07/1989,Pedra Grande,M,Brasileiro(a),17/07/2029
Danilo Oliveira,Danilo Oliveira,049.783.512-60,25/06/1996,Almenara,F,Brasileiro(a),11/06/2034
Isabella Monteiro,Isabella Monteiro,364.918.527-09,25/10/1993,Rugim,M,Brasileiro(a),03/10/2032
Joao Miguel Martins,Joao Miguel Martins,731.240.658-08,03/04/1955,Belo Horizonte,M,Brasileiro(a),29/03/2031
Alice Silva,Alice Silva,257.439.801-79,18/04/1990,Arinos,M,Brasileiro(a),10/01/2027
Ayla da Rocha,Ayla da Rocha,183.296.405-15,08/05/1965,Porto Seguro,M,Brasileiro(a),08/05/2030
Barbara da Mota,Barbara da Mota,028.347.569-29,29/11/1944,Pedra Grande,F,Brasileiro(a),27/11/2030
Dr. Leandro Alves,Dr. Leandro Alves,378.925.461-46,05/08/2007,Sao Paulo,M,Brasileiro(a),10/12/2032
Vitoria da Mata,Vitoria da Mata,976.821.405-85,07/10/1955,Porto Seguro,M,Brasileiro(a),18/10/2027
Mirella Sales,Mirella Sales,196.804.732-87,14/06/1953,Pedra Grande,F,Brasileiro(a),08/07/2028
Clarice Machado,Clarice Machado,214.697.085-58,18/06/1954,Sao Paulo,M,Brasileiro(a),26/01/2028
Sra. Isabel Martins,Sra. Isabel Martins,097.425.861-01,18/05/2001,Arinos,M,Brasileiro(a),27/11/2030
Ana Sophia Cavalcante,Ana Sophia Cavalcante,276.385.419-28,18/04/1947,Sao Paulo,M,Brasileiro(a),29/05/2028
Eduarda Casa Grande,Eduarda Casa Grande,203.174.569-70,16/10/1992,Belo Horizonte,F,Brasileiro(a),18/03/2031
Apollo Martins,Apollo Martins,872.539.406-10,01/01/1967,Almenara,M,Brasileiro(a),18/01/2034
Luan da Mata,Luan da Mata,453.618.790-10,20/07/1955,Pedra Grande,M,Brasileiro(a),20/09/2028
Joao Felipe Marques,Joao Felipe Marques,982.504.173-05,15/01/1982,Arinos,F,Brasileiro(a),07/07/2027
Ana Beatriz Aragao,Ana Beatriz Aragao,732.498.610-22,24/08/1958,Belo Horizonte,F,Brasileiro(a),13/08/2033
Bryan Nascimento,Bryan Nascimento,320.567.149-06,16/02/1974,Porto Seguro,M,Brasileiro(a),21/07/2033
Joao Gabriel Camara,Joao Gabriel Camara,146.830.952-89,22/04/1984,Belo Horizonte,F,Brasileiro(a),10/08/2028
Davi Lucas Gomes,Davi Lucas Gomes,034.852.691-15,18/02/1995,Arinos,F,Brasileiro(a),22/06/2030
Daniel Alves,Daniel Alves,267.145.839-82,14/08/1967,Porto Seguro,F,Brasileiro(a),31/10/2030
Enrico Moura,Enrico Moura,590.784.312-88,15/02/1967,Pedra Grande,M,Brasileiro(a),05/06/2032
Vicente Aragao,Vicente Aragao,306.528.147-35,27/07/1998,Porto Seguro,M,Brasileiro(a),14/05/2029
Ana Sophia Castro,Ana Sophia Castro,506.321.874-17,15/03/1986,Arinos,M,Brasileiro(a),21/08/2029
Sr. Gustavo Machado,Sr. Gustavo Machado,560.749.832-83,24/11/1995,Arinos,F,Brasileiro(a),20/10/2029
Paulo Oliveira,Paulo Oliveira,634.781.529-09,12/05/1955,Arinos,M,Brasileiro(a),07/10/2031
Ana Beatriz da Luz,Ana Beatriz da Luz,239.784.501-60,09/11/1945,Belo Horizonte,F,Brasileiro(a),24/04/2030
Bento Abreu,Bento Abreu,946.157.830-00,06/12/1992,Belo Horizonte,F,Brasileiro(a),23/10/2032
Davi Luiz Ferreira,Davi Luiz Ferreira,237.816.904-31,03/11/1971,Arinos,F,Brasileiro(a),04/05/2028
Antonella Fonseca,Antonella Fonseca,258.374.106-35,15/05/1985,Rugim,F,Brasileiro(a),09/03/2033
Maria Luiza Sampaio,Maria Luiza Sampaio,314.902.587-79,22/10/1971,Almenara,F,Brasileiro(a),12/10/2030
Dr. Pedro Miguel Gomes,Dr. Pedro Miguel Gomes,047.263.851-35,11/05/1991,Almenara,F,Brasileiro(a),26/04/2033
Sr. Nathan Cardoso,Sr. Nathan Cardoso,457.963.028-92,07/03/1975,Almenara,M,Brasileiro(a),26/12/2031
Rebeca Novais,Rebeca Novais,024.536.917-16,30/09/2007,Porto Seguro,M,Brasileiro(a),03/01/2034
Rael Marques,Rael Marques,729.408.563-38,11/01/1965,Pedra Grande,M,Brasileiro(a),20/03/2032
Beatriz Garcia,Beatriz Garcia,850.769.124-20,05/06/1988,Arinos,F,Brasileiro(a),16/09/2033
Stephany Abreu,Stephany Abreu,690.352.184-42,25/12/2006,Pedra Grande,M,Brasileiro(a),03/08/2033
Thales Melo,Thales Melo,356.840.791-48,31/07/1972,Porto Seguro,M,Brasileiro(a),31/10/2029
Mirella Alves,Mirella Alves,920.413.785-14,27/04/1978,Pedra Grande,M,Brasileiro(a),05/06/2030
Emanuelly Vasconcelos,Emanuelly Vasconcelos,653.897.142-37,26/05/1962,Rugim,M,Brasileiro(a),06/01/2030
Bruna Sa,Bruna Sa,630.572.841-08,23/10/1967,Arinos,M,Brasileiro(a),24/09/2035
Ester Leao,Ester Leao,851.349.276-00,22/04/2001,Sao Paulo,F,Brasileiro(a),21/10/2034
Luiz Miguel da Conceicao,Luiz Miguel da Conceicao,806.249.713-50,24/10/1969,Porto Seguro,M,Brasileiro(a),11/04/2030
Srta. Maria Rodrigues,Srta. Maria Rodrigues,429.136.570-52,02/10/1981,Rugim,F,Brasileiro(a),15/03/2034
Davi Lucas Barros,Davi Lucas Barros,908.173.654-00,02/02/2002,Rugim,M,Brasileiro(a),04/02/2031
Anna Liz Pimenta,Anna Liz Pimenta,926.530.714-52,13/08/1999,Sao Paulo,F,Brasileiro(a),26/03/2033
Natalia Guerra,Natalia Guerra,534.867.129-00,24/08/1951,Pedra Grande,F,Brasileiro(a),09/02/2030
Rhavi Farias,Rhavi Farias,720.168.354-35,29/06/1995,Belo Horizonte,M,Brasileiro(a),16/03/2033
Joao Guilherme Borges,Joao Guilherme Borges,490.651.372-70,07/07/1995,Arinos,M,Brasileiro(a),09/11/2032
Joao Vargas,Joao Vargas,127.430.569-16,07/01/1979,Arinos,M,Brasileiro(a),20/01/2027
Caleb Caldeira,Caleb Caldeira,567.109.328-77,25/08/1952,Rugim,F,Brasileiro(a),20/12/2029
Maria Eduarda Souza,Maria Eduarda Souza,627.548.310-53,24/06/1969,Porto Seguro,F,Brasileiro(a),21/11/2026
Juliana Ribeiro,Juliana Ribeiro,964.751.023-34,28/01/1974,Pedra Grande,M,Brasileiro(a),28/11/2031
Joao Correia,Joao Correia,368.945.071-39,02/11/1984,Porto Seguro,F,Brasileiro(a),23/08/2028
Dom Martins,Dom Martins,546.102.789-01,15/07/1973,Belo Horizonte,M,Brasileiro(a),11/10/2029
Sra. Agatha Goncalves,Sra. Agatha Goncalves,219.307.648-04,08/09/1996,Arinos,F,Brasileiro(a),07/04/2034
Luiz Miguel Gomes,Luiz Miguel Gomes,918.357.426-37,21/09/2003,Almenara,M,Brasileiro(a),20/02/2029
Diogo Freitas,Diogo Freitas,657.498.013-57,15/10/2004,Porto Seguro,F,Brasileiro(a),10/11/2028
Srta. Cecilia da Mota,Srta. Cecilia da Mota,357.214.086-26,15/02/1969,Pedra Grande,F,Brasileiro(a),30/11/2030
Agatha Porto,Agatha Porto,538.614.720-07,10/12/1987,Porto Seguro,F,Brasileiro(a),15/05/2032
Ravy Castro,Ravy Castro,469.123.085-89,14/12/1996,Rugim,M,Brasileiro(a),21/07/2030
Mariane Cardoso,Mariane Cardoso,913.782.650-68,26/04/1951,Sao Paulo,M,Brasileiro(a),31/10/2035
Diego Cardoso,Diego Cardoso,102.538.649-33,20/11/1954,Belo Horizonte,M,Brasileiro(a),23/09/2028
Guilherme Brito,Guilherme Brito,648.570.312-80,04/09/1973,Almenara,M,Brasileiro(a),03/07/2029
Asafe Oliveira,Asafe Oliveira,982.546.130-60,02/01/2007,Arinos,F,Brasileiro(a),06/05/2029
Davi Lucas Mendes,Davi Lucas Mendes,801.375.429-41,30/05/1953,Rugim,M,Brasileiro(a),27/02/2034
Matteo Martins,Matteo Martins,218.094.563-98,29/05/1958,Sao Paulo,F,Brasileiro(a),31/05/2031
Hellena Casa Grande,Hellena Casa Grande,634.025.978-29,28/10/1984,Arinos,F,Brasileiro(a),09/03/2035
Antonio Montenegro,Antonio Montenegro,354.769.120-61,20/07/1974,Rugim,M,Brasileiro(a),06/07/2032
Maria Cecilia da Cunha,Maria Cecilia da Cunha,512.840.369-60,23/06/1981,Belo Horizonte,F,Brasileiro(a),18/12/2034
Maria Eduarda da Costa,Maria Eduarda da Costa,230.417.596-16,25/06/1967,Belo Horizonte,F,Brasileiro(a),30/06/2031
Mariane Costa,Mariane Costa,281.093.467-31,25/08/1984,Porto Seguro,F,Brasileiro(a),28/12/2028
Sra. Lorena Costa,Sra. Lorena Costa,831.257.604-53,02/12/1982,Belo Horizonte,F,Brasileiro(a),02/02/2031
Maria Julia Ramos,Maria Julia Ramos,102.378.496-31,05/10/1974,Porto Seguro,F,Brasileiro(a),14/06/2031
Gael Henrique Peixoto,Gael Henrique Peixoto,541.890.726-30,22/01/2004,Belo Horizonte,M,Brasileiro(a),17/10/2027
Mirella Siqueira,Mirella Siqueira,689.157.024-76,18/11/1971,Porto Seguro,M,Brasileiro(a),28/06/2031
Nicole Barros,Nicole Barros,645.290.371-34,28/01/1983,Sao Paulo,F,Brasileiro(a),04/08/2034
Pedro Jesus,Pedro Jesus,094.256.837-00,07/09/1989,Rugim,M,Brasileiro(a),23/07/2032
